"Barcode","MaterialCode","MaterialName","RouteCode","WorkCenterCode","JobDate","ProdQty","CompleteRoute","ProdDateTime"
"VVQQ052R710622","ECVT27-370","HY-CAP WEC2R7106QG-L (1030)","V-26","VVT_F1","2026-08-13","1963.99997","1","2026-08-13 18:52:46"
"VVQQ073R072733","ECVT30-357","HY-CAP VEC3R0727QG (35105)","V-26","VVT_F1","2026-08-13","1068.00000","","2026-08-14 06:28:31"
"VVQQ113R060649","ECVT30-260","HY-CAP VEC3R0606QG (1840)","V-26","VVT_F1","2026-08-13","497.00000","1","2026-08-14 01:46:44"
"VVQQ113R060650","ECVT30-260","HY-CAP VEC3R0606QG (1840)","V-26","VVT_F1","2026-08-13","494.00000","","2026-08-13 17:51:56"
"VVQQ113R060654","ECVT30-260","HY-CAP VEC3R0606QG (1840)","V-26","VVT_F1","2026-08-13","500.00000","1","2026-08-14 02:35:25"
"VVQQ113R060658","ECVT30-260","HY-CAP VEC3R0606QG (1840)","V-26","VVT_F1","2026-08-13","500.00000","1","2026-08-14 02:41:58"
"VVQQ143R060658","ECVT30-373","HY-CAP VEC3R0606QG-C030(1840)","V-26","VVT_F1","2026-08-13","493.00000","1","2026-08-13 19:34:14"
"VVQQ143R060662","ECVT30-373","HY-CAP VEC3R0606QG-C030(1840)","V-26","VVT_F1","2026-08-13","493.00000","1","2026-08-13 16:58:37"
"VVQQ143R060680","ECVT30-373","HY-CAP VEC3R0606QG-C030(1840)","V-26","VVT_F1","2026-08-13","500.00000","1","2026-08-13 23:13:29"
"VVQQ143R060681","ECVT30-373","HY-CAP VEC3R0606QG-C030(1840)","V-26","VVT_F1","2026-08-13","497.00000","1","2026-08-13 20:56:58"
"VVQQ143R060682","ECVT30-373","HY-CAP VEC3R0606QG-C030(1840)","V-26","VVT_F1","2026-08-13","500.00000","1","2026-08-13 16:59:08"
"VVQQ143R060683","ECVT30-373","HY-CAP VEC3R0606QG-C030(1840)","V-26","VVT_F1","2026-08-13","500.00000","1","2026-08-13 11:14:30"
"VVQQ143R060685","ECVT30-373","HY-CAP VEC3R0606QG-C030(1840)","V-26","VVT_F1","2026-08-13","500.00000","1","2026-08-13 11:13:44"
"VVQQ143R060688","ECVT30-373","HY-CAP VEC3R0606QG-C030(1840)","V-26","VVT_F1","2026-08-13","497.00000","1","2026-08-13 20:56:36"
"VVQQ143R060690","ECVT30-373","HY-CAP VEC3R0606QG-C030(1840)","V-26","VVT_F1","2026-08-13","497.00000","1","2026-08-14 01:45:02"
"VVQQ143R060695","ECVT30-373","HY-CAP VEC3R0606QG-C030(1840)","V-26","VVT_F1","2026-08-13","497.00000","1","2026-08-13 19:27:18"
"VVQQ143R060696","ECVT30-373","HY-CAP VEC3R0606QG-C030(1840)","V-26","VVT_F1","2026-08-13","500.00000","1","2026-08-13 15:54:48"
"VVQQ143R060697","ECVT30-373","HY-CAP VEC3R0606QG-C030(1840)","V-26","VVT_F1","2026-08-13","497.00000","1","2026-08-14 01:45:54"
"VVQQ143R060698","ECVT30-373","HY-CAP VEC3R0606QG-C030(1840)","V-26","VVT_F1","2026-08-13","497.00000","1","2026-08-13 20:57:20"
"VVQQ153R060641","ECVT30-373","HY-CAP VEC3R0606QG-C030(1840)","V-26","VVT_F1","2026-08-13","497.00000","1","2026-08-14 01:45:28"
"VVQQ153R060643","ECVT30-373","HY-CAP VEC3R0606QG-C030(1840)","V-26","VVT_F1","2026-08-13","500.00000","1","2026-08-13 11:14:14"
"VVQQ153R060645","ECVT30-373","HY-CAP VEC3R0606QG-C030(1840)","V-26","VVT_F1","2026-08-13","497.00000","1","2026-08-13 16:58:58"
"VVQQ153R0606A0","ECVT30-373","HY-CAP VEC3R0606QG-C030(1840)","V-26","VVT_F1","2026-08-13","500.00000","1","2026-08-13 16:58:48"
"VVQQ153R0606A3","ECVT30-373","HY-CAP VEC3R0606QG-C030(1840)","V-26","VVT_F1","2026-08-13","494.00000","1","2026-08-13 19:27:35"
"VVQQ153R0606A4","ECVT30-373","HY-CAP VEC3R0606QG-C030(1840)","V-26","VVT_F1","2026-08-13","500.00000","1","2026-08-13 11:13:55"
"VVQQ153R0606A5","ECVT30-373","HY-CAP VEC3R0606QG-C030(1840)","V-26","VVT_F1","2026-08-13","497.00000","1","2026-08-13 17:51:54"
"VVQQ153R0606A6","ECVT30-373","HY-CAP VEC3R0606QG-C030(1840)","V-26","VVT_F1","2026-08-13","497.00000","1","2026-08-13 17:51:45"
"VVQQ153R0606A7","ECVT30-373","HY-CAP VEC3R0606QG-C030(1840)","V-26","VVT_F1","2026-08-13","500.00000","1","2026-08-13 11:14:05"
"VVQQ153R0606A8","ECVT30-373","HY-CAP VEC3R0606QG-C030(1840)","V-26","VVT_F1","2026-08-13","497.00000","1","2026-08-14 01:46:20"
"VVQQ153R0606AA","ECVT30-373","HY-CAP VEC3R0606QG-C030(1840)","V-26","VVT_F1","2026-08-13","485.00000","1","2026-08-15 19:24:48"
"VVQQ153R0606AG","ECVT30-373","HY-CAP VEC3R0606QG-C030(1840)","V-26","VVT_F1","2026-08-13","497.00000","1","2026-08-13 23:01:47"
"VVQQ153R0606AM","ECVT30-373","HY-CAP VEC3R0606QG-C030(1840)","V-26","VVT_F1","2026-08-13","500.00000","1","2026-08-13 14:49:13"
"VVQQ173R060619","ECVT30-373","HY-CAP VEC3R0606QG-C030(1840)","V-26","VVT_F1","2026-08-13","498.00000","1","2026-08-14 12:29:42"
"VVQQ173R060622","ECVT30-373","HY-CAP VEC3R0606QG-C030(1840)","V-26","VVT_F1","2026-08-13","500.00000","1","2026-08-13 15:54:24"
"VVQQ173R060675","ECVT30-373","HY-CAP VEC3R0606QG-C030(1840)","V-26","VVT_F1","2026-08-13","500.00000","1","2026-08-13 15:54:03"
"VVQQ173R060677","ECVT30-373","HY-CAP VEC3R0606QG-C030(1840)","V-26","VVT_F1","2026-08-13","500.00000","1","2026-08-13 15:54:35"
"VVQQ173R060678","ECVT30-373","HY-CAP VEC3R0606QG-C030(1840)","V-26","VVT_F1","2026-08-13","494.00000","1","2026-08-13 20:57:35"
"VVQQ193R060601","RE3000-143","HY-CAP VEC3R0606QG-B064(1840)","V-26","VVT_F1","2026-08-13","500.00000","1","2026-08-13 15:54:13"
"VVQQ193R060602","RE3000-143","HY-CAP VEC3R0606QG-B064(1840)","V-26","VVT_F1","2026-08-13","500.00000","1","2026-08-13 23:03:04"
"VVQO153R072712","ECVT30-357","HY-CAP VEC3R0727QG (35105)","V-26_BG","VVT_F5","2026-08-13","1074.00000","1","2026-08-13 10:48:44"
"VVQO153R072714","ECVT30-357","HY-CAP VEC3R0727QG (35105)","V-26_BG","VVT_F5","2026-08-13","1070.99999","1","2026-08-13 12:17:51"
"VVQO153R072727","ECVT30-357","HY-CAP VEC3R0727QG (35105)","V-26_BG","VVT_F5","2026-08-13","1073.00000","1","2026-08-13 16:51:19"
"VVQO163R072709","ECVT30-357","HY-CAP VEC3R0727QG (35105)","V-26_BG","VVT_F5","2026-08-13","1057.00000","1","2026-08-13 16:06:04"
"VVQO173R072751","ECVT30-357","HY-CAP VEC3R0727QG (35105)","V-26_BG","VVT_F5","2026-08-13","1039.00000","1","2026-08-13 18:55:53"
"VVQO183R072714","ECVT30-357","HY-CAP VEC3R0727QG (35105)","V-26_BG","VVT_F5","2026-08-13","1064.00000","1","2026-08-13 13:46:20"
"VVQO183R072716","ECVT30-357","HY-CAP VEC3R0727QG (35105)","V-26_BG","VVT_F5","2026-08-13","1064.00000","1","2026-08-13 16:14:42"
"VVQO193R072713","ECVT30-357","HY-CAP VEC3R0727QG (35105)","V-26_BG","VVT_F5","2026-08-13","1061.99990","1","2026-08-13 10:59:37"
"VVQO193R072734","ECVT30-357","HY-CAP VEC3R0727QG (35105)","V-26_BG","VVT_F5","2026-08-13","1034.99999","1","2026-08-13 16:52:16"
"VVQO193R072761","ECVT30-357","HY-CAP VEC3R0727QG (35105)","V-26_BG","VVT_F5","2026-08-13","1051.00000","1","2026-08-13 15:43:09"
"VVQQ053R072724","ECVT30-357","HY-CAP VEC3R0727QG (35105)","V-26","VVT_F5","2026-08-13","1068.00000","1","2026-08-14 06:27:07"
"VVQQ053R072725","ECVT30-357","HY-CAP VEC3R0727QG (35105)","V-26","VVT_F5","2026-08-13","1071.00000","1","2026-08-14 06:27:33"
"VVQQ053R072726","ECVT30-357","HY-CAP VEC3R0727QG (35105)","V-26","VVT_F5","2026-08-13","1065.00000","1","2026-08-14 06:26:50"
"VVQQ053R072727","ECVT30-357","HY-CAP VEC3R0727QG (35105)","V-26","VVT_F5","2026-08-13","1065.00000","1","2026-08-13 18:37:14"
"VVQQ063R072705","ECVT30-357","HY-CAP VEC3R0727QG (35105)","V-26_HY","VVT_F5","2026-08-13","1053.00000","","2026-08-13 18:22:34"
"VVQQ073R072701","ECVT30-357","HY-CAP VEC3R0727QG (35105)","V-26","VVT_F5","2026-08-13","1064.00000","1","2026-08-14 06:26:35"
"VVQQ073R072718","ECVT30-357","HY-CAP VEC3R0727QG (35105)","V-26","VVT_F5","2026-08-13","1074.00000","1","2026-08-13 18:36:21"
"VVQQ073R072727","ECVT30-357","HY-CAP VEC3R0727QG (35105)","V-26","VVT_F5","2026-08-13","1067.00000","1","2026-08-13 18:35:36"
"VVQQ073R072729","ECVT30-357","HY-CAP VEC3R0727QG (35105)","V-26","VVT_F5","2026-08-13","1067.00000","1","2026-08-13 10:18:38"
"VVQQ073R072732","ECVT30-357","HY-CAP VEC3R0727QG (35105)","V-26","VVT_F5","2026-08-13","1066.00000","1","2026-08-14 06:28:00"
"VVQQ083R072708","ECVT30-357","HY-CAP VEC3R0727QG (35105)","V-26","VVT_F5","2026-08-13","1073.00000","1","2026-08-13 18:36:47"
"VVQQ103R072713","ECVT30-357","HY-CAP VEC3R0727QG (35105)","V-26_HY","VVT_F5","2026-08-13","1065.00000","","2026-08-13 21:02:58"
"VVQQ113R072716","ECVT30-357","HY-CAP VEC3R0727QG (35105)","V-26_HY","VVT_F5","2026-08-13","1053.00000","","2026-08-13 15:01:13"
"VVQQ113R072724","ECVT30-357","HY-CAP VEC3R0727QG (35105)","V-26_HY","VVT_F5","2026-08-13","1055.00000","","2026-08-13 17:08:01"
"VVQQ123R072718","ECVT30-357","HY-CAP VEC3R0727QG (35105)","V-26_HY","VVT_F5","2026-08-13","1045.00000","","2026-08-13 13:10:57"
"VVQQ123R072732","ECVT30-357","HY-CAP VEC3R0727QG (35105)","V-26_HY","VVT_F5","2026-08-13","1059.00000","","2026-08-13 20:29:04"
"VVQQ113R060664","ECVT30-260","HY-CAP VEC3R0606QG (1840)","V-26","VVT_F1","2026-08-14","500.00000","1","2026-08-14 18:01:01"
"VVQQ133R060618","ECVT30-260","HY-CAP VEC3R0606QG (1840)","V-26","VVT_F1","2026-08-14","500.00000","1","2026-08-14 15:37:24"
"VVQQ133R060627","ECVT30-260","HY-CAP VEC3R0606QG (1840)","V-26","VVT_F1","2026-08-14","494.00000","1","2026-08-14 20:38:30"
"VVQQ133R060628","ECVT30-260","HY-CAP VEC3R0606QG (1840)","V-26","VVT_F1","2026-08-14","497.00000","1","2026-08-14 20:40:48"
"VVQQ133R060640","ECVT30-260","HY-CAP VEC3R0606QG (1840)","V-26","VVT_F1","2026-08-14","491.00000","","2026-08-14 18:45:40"
"VVQQ143R060699","ECVT30-373","HY-CAP VEC3R0606QG-C030(1840)","V-26","VVT_F1","2026-08-14","500.00000","1","2026-08-14 13:21:20"
"VVQQ153R060642","ECVT30-373","HY-CAP VEC3R0606QG-C030(1840)","V-26","VVT_F1","2026-08-14","500.00000","1","2026-08-14 13:20:38"
"VVQQ153R060644","ECVT30-373","HY-CAP VEC3R0606QG-C030(1840)","V-26","VVT_F1","2026-08-14","497.00000","1","2026-08-14 13:25:11"
"VVQQ153R060651","ECVT30-373","HY-CAP VEC3R0606QG-C030(1840)","V-26","VVT_F1","2026-08-14","500.00000","1","2026-08-14 12:35:38"
"VVQQ153R060652","ECVT30-373","HY-CAP VEC3R0606QG-C030(1840)","V-26","VVT_F1","2026-08-14","500.00000","1","2026-08-14 18:00:26"
"VVQQ153R06069Z","ECVT30-373","HY-CAP VEC3R0606QG-C030(1840)","V-26","VVT_F1","2026-08-14","500.00000","1","2026-08-14 18:15:39"
"VVQQ153R0606A1","ECVT30-373","HY-CAP VEC3R0606QG-C030(1840)","V-26","VVT_F1","2026-08-14","500.00000","1","2026-08-14 13:25:01"
"VVQQ153R0606A2","ECVT30-373","HY-CAP VEC3R0606QG-C030(1840)","V-26","VVT_F1","2026-08-14","497.00000","1","2026-08-14 18:00:37"
"VVQQ153R0606AB","ECVT30-373","HY-CAP VEC3R0606QG-C030(1840)","V-26","VVT_F1","2026-08-14","497.00000","1","2026-08-14 23:34:30"
"VVQQ153R0606AC","ECVT30-373","HY-CAP VEC3R0606QG-C030(1840)","V-26","VVT_F1","2026-08-14","500.00000","1","2026-08-15 01:36:56"
"VVQQ153R0606AD","ECVT30-373","HY-CAP VEC3R0606QG-C030(1840)","V-26","VVT_F1","2026-08-14","497.00000","1","2026-08-14 23:34:04"
"VVQQ153R0606AF","ECVT30-373","HY-CAP VEC3R0606QG-C030(1840)","V-26","VVT_F1","2026-08-14","495.00000","1","2026-08-15 13:16:48"
"VVQQ153R0606AH","ECVT30-373","HY-CAP VEC3R0606QG-C030(1840)","V-26","VVT_F1","2026-08-14","497.00000","1","2026-08-14 23:32:58"
"VVQQ153R0606AL","ECVT30-373","HY-CAP VEC3R0606QG-C030(1840)","V-26","VVT_F1","2026-08-14","500.00000","1","2026-08-14 15:37:42"
"VVQQ153R0606AN","ECVT30-373","HY-CAP VEC3R0606QG-C030(1840)","V-26","VVT_F1","2026-08-14","500.00000","1","2026-08-14 17:43:06"
"VVQQ173R060601","ECVT30-373","HY-CAP VEC3R0606QG-C030(1840)","V-26","VVT_F1","2026-08-14","497.00000","1","2026-08-14 20:39:35"
"VVQQ173R060602","ECVT30-373","HY-CAP VEC3R0606QG-C030(1840)","V-26","VVT_F1","2026-08-14","497.00000","1","2026-08-15 02:58:29"
"VVQQ173R060604","ECVT30-373","HY-CAP VEC3R0606QG-C030(1840)","V-26","VVT_F1","2026-08-14","497.00000","1","2026-08-15 01:37:13"
"VVQQ173R060605","ECVT30-373","HY-CAP VEC3R0606QG-C030(1840)","V-26","VVT_F1","2026-08-14","500.00000","1","2026-08-14 20:44:53"
"VVQQ173R060606","ECVT30-373","HY-CAP VEC3R0606QG-C030(1840)","V-26","VVT_F1","2026-08-14","492.00000","1","2026-08-14 23:33:29"
"VVQQ173R060607","ECVT30-373","HY-CAP VEC3R0606QG-C030(1840)","V-26","VVT_F1","2026-08-14","497.00000","1","2026-08-14 20:39:10"
"VVQQ173R060609","ECVT30-373","HY-CAP VEC3R0606QG-C030(1840)","V-26","VVT_F1","2026-08-14","497.00000","1","2026-08-14 20:47:58"
"VVQQ173R060610","ECVT30-373","HY-CAP VEC3R0606QG-C030(1840)","V-26","VVT_F1","2026-08-14","500.00000","1","2026-08-14 12:35:25"
"VVQQ173R060612","ECVT30-373","HY-CAP VEC3R0606QG-C030(1840)","V-26","VVT_F1","2026-08-14","500.00000","1","2026-08-15 02:57:43"
"VVQQ173R060613","ECVT30-373","HY-CAP VEC3R0606QG-C030(1840)","V-26","VVT_F1","2026-08-14","493.00000","1","2026-08-15 02:58:08"
"VVQQ173R060614","ECVT30-373","HY-CAP VEC3R0606QG-C030(1840)","V-26","VVT_F1","2026-08-14","500.00000","1","2026-08-14 12:35:10"
"VVQQ173R060615","ECVT30-373","HY-CAP VEC3R0606QG-C030(1840)","V-26","VVT_F1","2026-08-14","494.00000","1","2026-08-15 01:37:30"
"VVQQ173R060617","ECVT30-373","HY-CAP VEC3R0606QG-C030(1840)","V-26","VVT_F1","2026-08-14","500.00000","1","2026-08-14 12:36:11"
"VVQQ173R060618","ECVT30-373","HY-CAP VEC3R0606QG-C030(1840)","V-26","VVT_F1","2026-08-14","497.00000","1","2026-08-14 15:31:45"
"VVQQ173R060620","ECVT30-373","HY-CAP VEC3R0606QG-C030(1840)","V-26","VVT_F1","2026-08-14","500.00000","1","2026-08-14 20:44:42"
"VVQQ173R060621","ECVT30-373","HY-CAP VEC3R0606QG-C030(1840)","V-26","VVT_F1","2026-08-14","500.00000","1","2026-08-14 12:38:15"
"VVQQ173R060672","ECVT30-373","HY-CAP VEC3R0606QG-C030(1840)","V-26","VVT_F1","2026-08-14","497.00000","1","2026-08-14 15:32:04"
"VVQQ173R060682","ECVT30-373","HY-CAP VEC3R0606QG-C030(1840)","V-26","VVT_F1","2026-08-14","497.00000","1","2026-08-14 17:42:53"
"VVQN033R072790","ECVT30-357","HY-CAP VEC3R0727QG (35105)","V-26_BG","VVT_F5","2026-08-14","352.00000","1","2026-08-14 21:16:14"
"VVQO153R072709","ECVT30-357","HY-CAP VEC3R0727QG (35105)","V-26_BG","VVT_F5","2026-08-14","1067.99999","1","2026-08-14 16:47:47"
"VVQO153R072711","ECVT30-357","HY-CAP VEC3R0727QG (35105)","V-26_BG","VVT_F5","2026-08-14","1073.00000","1","2026-08-14 17:14:48"
"VVQO153R072719","ECVT30-357","HY-CAP VEC3R0727QG (35105)","V-26_BG","VVT_F5","2026-08-14","1073.00000","1","2026-08-14 10:17:54"
"VVQO153R072720","ECVT30-357","HY-CAP VEC3R0727QG (35105)","V-26_BG","VVT_F5","2026-08-14","1073.00000","1","2026-08-14 18:15:12"
"VVQO153R072728","ECVT30-357","HY-CAP VEC3R0727QG (35105)","V-26_BG","VVT_F5","2026-08-14","1073.00000","1","2026-08-14 18:55:11"
"VVQO163R072712","ECVT30-357","HY-CAP VEC3R0727QG (35105)","V-26_BG","VVT_F5","2026-08-14","1065.00000","1","2026-08-14 17:10:38"
"VVQO173R072718","ECVT30-357","HY-CAP VEC3R0727QG (35105)","V-26_BG","VVT_F5","2026-08-14","1067.00000","1","2026-08-14 18:34:55"
"VVQO173R072761","ECVT30-357","HY-CAP VEC3R0727QG (35105)","V-26_BG","VVT_F5","2026-08-14","1057.99937","1","2026-08-14 17:30:32"
"VVQO183R072711","ECVT30-357","HY-CAP VEC3R0727QG (35105)","V-26_BG","VVT_F5","2026-08-14","1067.00000","1","2026-08-14 18:14:49"
"VVQO183R072712","ECVT30-357","HY-CAP VEC3R0727QG (35105)","V-26_BG","VVT_F5","2026-08-14","1065.99999","1","2026-08-14 17:39:48"
"VVQO183R072717","ECVT30-357","HY-CAP VEC3R0727QG (35105)","V-26_BG","VVT_F5","2026-08-14","1068.00000","1","2026-08-14 18:15:03"
"VVQO183R072760","ECVT30-357","HY-CAP VEC3R0727QG (35105)","V-26_BG","VVT_F5","2026-08-14","1048.00000","1","2026-08-14 15:53:30"
"VVQO183R072770","ECVT30-357","HY-CAP VEC3R0727QG (35105)","V-26_BG","VVT_F5","2026-08-14","1039.00000","1","2026-08-14 15:25:55"
"VVQO193R072708","ECVT30-357","HY-CAP VEC3R0727QG (35105)","V-26_BG","VVT_F5","2026-08-14","1067.00000","1","2026-08-14 15:44:21"
"VVQO193R072725","ECVT30-357","HY-CAP VEC3R0727QG (35105)","V-26_BG","VVT_F5","2026-08-14","1032.99999","1","2026-08-14 11:56:22"
"VVQO193R072748","ECVT30-357","HY-CAP VEC3R0727QG (35105)","V-26_BG","VVT_F5","2026-08-14","1067.99990","1","2026-08-14 12:47:43"
"VVQO193R072749","ECVT30-357","HY-CAP VEC3R0727QG (35105)","V-26_BG","VVT_F5","2026-08-14","1062.00000","1","2026-08-14 12:57:37"
"VVQO193R072767","ECVT30-357","HY-CAP VEC3R0727QG (35105)","V-26_BG","VVT_F5","2026-08-14","1062.00000","1","2026-08-14 17:21:21"
"VVQO193R072768","ECVT30-357","HY-CAP VEC3R0727QG (35105)","V-26_BG","VVT_F5","2026-08-14","1061.00000","1","2026-08-14 21:00:07"
"VVQO203R072758","ECVT30-357","HY-CAP VEC3R0727QG (35105)","V-26_BG","VVT_F5","2026-08-14","1055.00000","1","2026-08-14 17:20:19"
"VVQQ063R072730","ECVT30-357","HY-CAP VEC3R0727QG (35105)","V-26","VVT_F5","2026-08-14","1071.00000","1","2026-08-14 18:55:00"
"VVQQ073R072702","ECVT30-357","HY-CAP VEC3R0727QG (35105)","V-26","VVT_F5","2026-08-14","1065.00000","1","2026-08-14 18:54:20"
"VVQQ073R072720","ECVT30-357","HY-CAP VEC3R0727QG (35105)","V-26","VVT_F5","2026-08-14","1073.00000","1","2026-08-14 18:55:18"
"VVQQ073R072731","ECVT30-357","HY-CAP VEC3R0727QG (35105)","V-26","VVT_F5","2026-08-14","1066.00000","1","2026-08-14 18:59:02"
"VVQQ093R072715","ECVT30-357","HY-CAP VEC3R0727QG (35105)","V-26","VVT_F5","2026-08-14","1064.00000","1","2026-08-14 18:54:41"
"VVQQ103R072724","ECVT30-357","HY-CAP VEC3R0727QG (35105)","V-26_HY","VVT_F5","2026-08-14","1060.00000","1","2026-08-14 10:56:02"
"VVQQ103R072725","ECVT30-357","HY-CAP VEC3R0727QG (35105)","V-26_HY","VVT_F5","2026-08-14","1051.00000","1","2026-08-14 18:55:18"
"VVQQ103R072726","ECVT30-357","HY-CAP VEC3R0727QG (35105)","V-26_HY","VVT_F5","2026-08-14","1055.00000","1","2026-08-14 10:57:04"
"VVQQ113R072715","ECVT30-357","HY-CAP VEC3R0727QG (35105)","V-26_HY","VVT_F5","2026-08-14","1050.00000","1","2026-08-14 17:16:55"
"VVQQ113R072717","ECVT30-357","HY-CAP VEC3R0727QG (35105)","V-26_HY","VVT_F5","2026-08-14","1043.00000","1","2026-08-14 21:55:52"
"VVQQ123R072719","ECVT30-357","HY-CAP VEC3R0727QG (35105)","V-26_HY","VVT_F5","2026-08-14","1049.00000","1","2026-08-15 05:07:21"
"VVQQ123R072726","ECVT30-357","HY-CAP VEC3R0727QG (35105)","V-26_HY","VVT_F5","2026-08-14","1055.00000","1","2026-08-15 05:08:06"
"VVQQ123R072727","ECVT30-357","HY-CAP VEC3R0727QG (35105)","V-26_HY","VVT_F5","2026-08-14","1050.00000","1","2026-08-14 21:26:02"
"VVQQ123R072733","ECVT30-357","HY-CAP VEC3R0727QG (35105)","V-26_HY","VVT_F5","2026-08-14","1051.00000","1","2026-08-15 07:54:58"
"VVQQ133R072717","ECVT30-357","HY-CAP VEC3R0727QG (35105)","V-26_HY","VVT_F5","2026-08-14","1008.00000","1","2026-08-15 04:41:53"
"VVQQ133R072719","ECVT30-357","HY-CAP VEC3R0727QG (35105)","V-26_HY","VVT_F5","2026-08-14","1055.00000","1","2026-08-14 14:15:38"
"VVQQ133R072720","ECVT30-357","HY-CAP VEC3R0727QG (35105)","V-26_HY","VVT_F5","2026-08-14","1036.00000","1","2026-08-14 16:51:48"
"VVQQ133R072727","ECVT30-357","HY-CAP VEC3R0727QG (35105)","V-26_HY","VVT_F5","2026-08-14","1059.00000","1","2026-08-15 05:05:26"
"VVQQ143R072709","ECVT30-357","HY-CAP VEC3R0727QG (35105)","V-26_HY","VVT_F5","2026-08-14","1054.00000","1","2026-08-15 07:26:39"
"VVQQ143R072715","ECVT30-357","HY-CAP VEC3R0727QG (35105)","V-26_HY","VVT_F5","2026-08-14","996.00000","1","2026-08-15 04:42:29"
"VVQQ033R072710","ECVT30-357","HY-CAP VEC3R0727QG (35105)","V-26","VVT_F1","2026-08-15","1074.00000","","2026-08-15 17:04:36"
"VVQQ063R072709","ECVT30-357","HY-CAP VEC3R0727QG (35105)","V-26","VVT_F1","2026-08-15","1074.00000","","2026-08-15 17:05:38"
"VVQQ063R072712","ECVT30-357","HY-CAP VEC3R0727QG (35105)","V-26","VVT_F1","2026-08-15","1074.00000","","2026-08-15 09:01:49"
"VVQQ063R072732","ECVT30-357","HY-CAP VEC3R0727QG (35105)","V-26","VVT_F1","2026-08-15","1069.00000","","2026-08-15 09:01:23"
"VVQQ063R072733","ECVT30-357","HY-CAP VEC3R0727QG (35105)","V-26","VVT_F1","2026-08-15","1064.00000","","2026-08-15 20:54:03"
"VVQQ083R072703","ECVT30-357","HY-CAP VEC3R0727QG (35105)","V-26","VVT_F1","2026-08-15","1067.00000","","2026-08-15 20:53:45"
"VVQQ083R072707","ECVT30-357","HY-CAP VEC3R0727QG (35105)","V-26","VVT_F1","2026-08-15","1067.00000","","2026-08-16 06:01:18"
"VVQQ083R072709","ECVT30-357","HY-CAP VEC3R0727QG (35105)","V-26","VVT_F1","2026-08-15","1073.00000","","2026-08-15 17:05:01"
"VVQQ083R072711","ECVT30-357","HY-CAP VEC3R0727QG (35105)","V-26","VVT_F1","2026-08-15","1073.00000","","2026-08-15 09:04:45"
"VVQQ093R072710","ECVT30-357","HY-CAP VEC3R0727QG (35105)","V-26","VVT_F1","2026-08-15","1065.00000","","2026-08-15 09:02:23"
"VVQQ093R072711","ECVT30-357","HY-CAP VEC3R0727QG (35105)","V-26","VVT_F1","2026-08-15","1067.00000","","2026-08-15 17:05:20"
"VVQQ103R072702","ECVT30-357","HY-CAP VEC3R0727QG (35105)","V-26","VVT_F1","2026-08-15","1065.00000","","2026-08-16 06:01:49"
"VVQQ103R072704","ECVT30-357","HY-CAP VEC3R0727QG (35105)","V-26","VVT_F1","2026-08-15","1071.00000","","2026-08-16 06:02:06"
"VVQQ103R072719","ECVT30-357","HY-CAP VEC3R0727QG (35105)","V-26","VVT_F1","2026-08-15","1068.00000","","2026-08-15 09:05:11"
"VVQQ123R072708","ECVT30-357","HY-CAP VEC3R0727QG (35105)","V-26","VVT_F1","2026-08-15","1070.00000","","2026-08-16 06:00:56"
"VVQQ133R060651","ECVT30-260","HY-CAP VEC3R0606QG (1840)","V-26","VVT_F1","2026-08-15","500.00000","1","2026-08-15 16:18:23"
"VVQQ133R060654","ECVT30-260","HY-CAP VEC3R0606QG (1840)","V-26","VVT_F1","2026-08-15","500.00000","1","2026-08-15 16:25:38"
"VVQQ133R060658","ECVT30-260","HY-CAP VEC3R0606QG (1840)","V-26","VVT_F1","2026-08-15","500.00000","1","2026-08-15 23:35:37"
"VVQQ133R060660","ECVT30-260","HY-CAP VEC3R0606QG (1840)","V-26","VVT_F1","2026-08-15","500.00000","1","2026-08-15 16:18:00"
"VVQQ133R060661","ECVT30-260","HY-CAP VEC3R0606QG (1840)","V-26","VVT_F1","2026-08-15","500.00000","1","2026-08-15 20:43:06"
"VVQQ133R060662","ECVT30-260","HY-CAP VEC3R0606QG (1840)","V-26","VVT_F1","2026-08-15","500.00000","1","2026-08-17 16:38:02"
"VVQQ133R060666","ECVT30-260","HY-CAP VEC3R0606QG (1840)","V-26","VVT_F1","2026-08-15","500.00000","1","2026-08-15 20:43:52"
"VVQQ133R060668","ECVT30-260","HY-CAP VEC3R0606QG (1840)","V-26","VVT_F1","2026-08-15","500.00000","1","2026-08-16 01:50:17"
"VVQQ133R060669","ECVT30-260","HY-CAP VEC3R0606QG (1840)","V-26","VVT_F1","2026-08-15","497.00000","1","2026-08-15 16:17:51"
"VVQQ133R060670","ECVT30-260","HY-CAP VEC3R0606QG (1840)","V-26","VVT_F1","2026-08-15","497.00000","1","2026-08-15 20:43:43"
"VVQQ133R060672","ECVT30-260","HY-CAP VEC3R0606QG (1840)","V-26","VVT_F1","2026-08-15","494.00000","1","2026-08-16 14:05:18"
"VVQQ133R060673","ECVT30-260","HY-CAP VEC3R0606QG (1840)","V-26","VVT_F1","2026-08-15","497.00000","1","2026-08-15 22:42:31"
"VVQQ133R060675","ECVT30-260","HY-CAP VEC3R0606QG (1840)","V-26","VVT_F1","2026-08-15","494.00000","1","2026-08-16 13:43:52"
"VVQQ133R060676","ECVT30-260","HY-CAP VEC3R0606QG (1840)","V-26","VVT_F1","2026-08-15","497.00000","1","2026-08-15 21:12:08"
"VVQQ133R060677","ECVT30-260","HY-CAP VEC3R0606QG (1840)","V-26","VVT_F1","2026-08-15","494.00000","1","2026-08-15 20:44:27"
"VVQQ133R060680","ECVT30-260","HY-CAP VEC3R0606QG (1840)","V-26","VVT_F1","2026-08-15","494.00000","1","2026-08-16 01:50:31"
"VVQQ133R060681","ECVT30-260","HY-CAP VEC3R0606QG (1840)","V-26","VVT_F1","2026-08-15","497.00000","1","2026-08-15 22:42:12"
"VVQQ133R060683","ECVT30-260","HY-CAP VEC3R0606QG (1840)","V-26","VVT_F1","2026-08-15","497.00000","1","2026-08-15 23:34:58"
"VVQQ133R060684","ECVT30-260","HY-CAP VEC3R0606QG (1840)","V-26","VVT_F1","2026-08-15","497.00000","1","2026-08-15 20:44:54"
"VVQQ133R060685","ECVT30-260","HY-CAP VEC3R0606QG (1840)","V-26","VVT_F1","2026-08-15","497.00000","1","2026-08-16 00:40:24"
"VVQQ133R060686","ECVT30-260","HY-CAP VEC3R0606QG (1840)","V-26","VVT_F1","2026-08-15","497.00000","1","2026-08-15 16:18:14"
"VVQQ133R060687","ECVT30-260","HY-CAP VEC3R0606QG (1840)","V-26","VVT_F1","2026-08-15","497.00000","1","2026-08-16 13:45:00"
"VVQQ133R060688","ECVT30-260","HY-CAP VEC3R0606QG (1840)","V-26","VVT_F1","2026-08-15","497.00000","1","2026-08-17 16:39:21"
"VVQQ133R060691","ECVT30-260","HY-CAP VEC3R0606QG (1840)","V-26","VVT_F1","2026-08-15","500.00000","1","2026-08-17 17:14:50"
"VVQQ133R060692","ECVT30-260","HY-CAP VEC3R0606QG (1840)","V-26","VVT_F1","2026-08-15","500.00000","","2026-08-15 20:08:56"
"VVQQ153R060646","ECVT30-373","HY-CAP VEC3R0606QG-C030(1840)","V-26","VVT_F1","2026-08-15","500.00000","1","2026-08-15 11:30:22"
"VVQQ153R060647","ECVT30-373","HY-CAP VEC3R0606QG-C030(1840)","V-26","VVT_F1","2026-08-15","500.00000","1","2026-08-15 13:15:18"
"VVQQ153R060648","ECVT30-373","HY-CAP VEC3R0606QG-C030(1840)","V-26","VVT_F1","2026-08-15","484.99999","1","2026-08-15 13:15:47"
"VVQQ153R060649","ECVT30-373","HY-CAP VEC3R0606QG-C030(1840)","V-26","VVT_F1","2026-08-15","500.00000","1","2026-08-15 11:31:00"
"VVQQ153R060650","ECVT30-373","HY-CAP VEC3R0606QG-C030(1840)","V-26","VVT_F1","2026-08-15","500.00000","1","2026-08-15 13:14:43"
"VVQQ153R0606A9","ECVT30-373","HY-CAP VEC3R0606QG-C030(1840)","V-26","VVT_F1","2026-08-15","497.00000","1","2026-08-15 19:24:33"
"VVQQ153R0606AE","ECVT30-373","HY-CAP VEC3R0606QG-C030(1840)","V-26","VVT_F1","2026-08-15","500.00000","1","2026-08-15 13:16:15"
"VVQQ153R0606AI","ECVT30-373","HY-CAP VEC3R0606QG-C030(1840)","V-26","VVT_F1","2026-08-15","500.00000","1","2026-08-15 11:30:48"
"VVQQ153R0606AJ","ECVT30-373","HY-CAP VEC3R0606QG-C030(1840)","V-26","VVT_F1","2026-08-15","497.00000","1","2026-08-15 13:15:07"
"VVQQ153R0606AK","ECVT30-373","HY-CAP VEC3R0606QG-C030(1840)","V-26","VVT_F1","2026-08-15","490.99999","1","2026-08-15 09:39:55"
"VVQQ173R060603","ECVT30-373","HY-CAP VEC3R0606QG-C030(1840)","V-26","VVT_F1","2026-08-15","500.00000","1","2026-08-15 11:30:37"
"VVQQ173R060608","ECVT30-373","HY-CAP VEC3R0606QG-C030(1840)","V-26","VVT_F1","2026-08-15","497.00000","1","2026-08-16 01:50:00"
"VVQQ173R060611","ECVT30-373","HY-CAP VEC3R0606QG-C030(1840)","V-26","VVT_F1","2026-08-15","497.00000","1","2026-08-15 13:17:04"
"VVQQ173R060616","ECVT30-373","HY-CAP VEC3R0606QG-C030(1840)","V-26","VVT_F1","2026-08-15","500.00000","1","2026-08-15 13:15:32"
"VVQQ173R060667","ECVT30-373","HY-CAP VEC3R0606QG-C030(1840)","V-26","VVT_F1","2026-08-15","497.00000","1","2026-08-15 20:44:02"
"VVQQ173R060668","ECVT30-373","HY-CAP VEC3R0606QG-C030(1840)","V-26","VVT_F1","2026-08-15","495.00000","1","2026-08-16 00:40:37"
"VVQQ173R060669","ECVT30-373","HY-CAP VEC3R0606QG-C030(1840)","V-26","VVT_F1","2026-08-15","500.00000","1","2026-08-15 11:31:25"
"VVQQ173R060670","ECVT30-373","HY-CAP VEC3R0606QG-C030(1840)","V-26","VVT_F1","2026-08-15","497.00000","1","2026-08-15 20:43:30"
"VVQQ173R060671","ECVT30-373","HY-CAP VEC3R0606QG-C030(1840)","V-26","VVT_F1","2026-08-15","500.00000","1","2026-08-15 20:44:45"
"VVQQ173R060673","ECVT30-373","HY-CAP VEC3R0606QG-C030(1840)","V-26","VVT_F1","2026-08-15","500.00000","1","2026-08-15 16:25:49"
"VVQQ173R060674","ECVT30-373","HY-CAP VEC3R0606QG-C030(1840)","V-26","VVT_F1","2026-08-15","500.00000","1","2026-08-15 16:25:23"
"VVQQ173R060676","ECVT30-373","HY-CAP VEC3R0606QG-C030(1840)","V-26","VVT_F1","2026-08-15","497.00000","1","2026-08-15 13:14:56"
"VVQQ173R060679","ECVT30-373","HY-CAP VEC3R0606QG-C030(1840)","V-26","VVT_F1","2026-08-15","500.00000","1","2026-08-15 09:33:49"
"VVQQ173R060680","ECVT30-373","HY-CAP VEC3R0606QG-C030(1840)","V-26","VVT_F1","2026-08-15","497.00000","1","2026-08-15 20:45:02"
"VVQQ173R060681","ECVT30-373","HY-CAP VEC3R0606QG-C030(1840)","V-26","VVT_F1","2026-08-15","500.00000","1","2026-08-15 23:35:17"
"VVQQ123R072734","ECVT30-357","HY-CAP VEC3R0727QG (35105)","V-26_HY","VVT_F5","2026-08-15","1055.00000","","2026-08-16 03:45:00"
"VVQQ133R072723","ECVT30-357","HY-CAP VEC3R0727QG (35105)","V-26_HY","VVT_F5","2026-08-15","1049.00000","","2026-08-15 18:23:10"
"VVQQ133R072734","ECVT30-357","HY-CAP VEC3R0727QG (35105)","V-26_HY","VVT_F5","2026-08-15","1057.00000","","2026-08-16 04:04:11"
"VVQQ143R072710","ECVT30-357","HY-CAP VEC3R0727QG (35105)","V-26_HY","VVT_F5","2026-08-15","1044.00000","","2026-08-15 18:21:31"
"VVQQ143R072711","ECVT30-357","HY-CAP VEC3R0727QG (35105)","V-26_HY","VVT_F5","2026-08-15","1049.00000","","2026-08-15 12:23:51"
"VVQQ143R072712","ECVT30-357","HY-CAP VEC3R0727QG (35105)","V-26_HY","VVT_F5","2026-08-15","1055.00000","","2026-08-15 18:19:20"
"VVQQ143R072716","ECVT30-357","HY-CAP VEC3R0727QG (35105)","V-26_HY","VVT_F5","2026-08-15","1052.00000","","2026-08-16 03:51:19"
"VVQQ143R072719","ECVT30-357","HY-CAP VEC3R0727QG (35105)","V-26_HY","VVT_F5","2026-08-15","1060.00000","","2026-08-16 07:20:07"
"VVQQ143R072720","ECVT30-357","HY-CAP VEC3R0727QG (35105)","V-26_HY","VVT_F5","2026-08-15","1056.00000","","2026-08-16 05:26:29"
"VVQQ143R072730","ECVT30-357","HY-CAP VEC3R0727QG (35105)","V-26_HY","VVT_F5","2026-08-15","1052.00000","","2026-08-16 04:03:27"
"VVQQ153R072708","ECVT30-357","HY-CAP VEC3R0727QG (35105)","V-26_HY","VVT_F5","2026-08-15","1068.00000","","2026-08-16 05:46:55"
"VVQQ083R072704","ECVT30-357","HY-CAP VEC3R0727QG (35105)","V-26","VVT_F1","2026-08-16","1066.00000","","2026-08-16 21:14:55"
"VVQQ093R072708","ECVT30-357","HY-CAP VEC3R0727QG (35105)","V-26","VVT_F1","2026-08-16","1065.00000","","2026-08-16 21:13:59"
"VVQQ093R072716","ECVT30-357","HY-CAP VEC3R0727QG (35105)","V-26","VVT_F1","2026-08-16","1065.00000","","2026-08-16 21:14:29"
"VVQQ093R072718","ECVT30-357","HY-CAP VEC3R0727QG (35105)","V-26","VVT_F1","2026-08-16","1059.00000","","2026-08-16 21:15:13"
"VVQQ103R072701","ECVT30-357","HY-CAP VEC3R0727QG (35105)","V-26","VVT_F1","2026-08-16","1065.00000","","2026-08-17 06:38:15"
"VVQQ103R072717","ECVT30-357","HY-CAP VEC3R0727QG (35105)","V-26","VVT_F1","2026-08-16","1072.00000","","2026-08-17 06:38:34"
"VVQQ123R060624","ECVT30-260","HY-CAP VEC3R0606QG (1840)","V-26","VVT_F1","2026-08-16","500.00000","1","2026-08-16 14:06:12"
"VVQQ123R060625","ECVT30-260","HY-CAP VEC3R0606QG (1840)","V-26","VVT_F1","2026-08-16","500.00000","1","2026-08-16 14:06:52"
"VVQQ123R060626","ECVT30-260","HY-CAP VEC3R0606QG (1840)","V-26","VVT_F1","2026-08-16","500.00000","1","2026-08-17 16:08:42"
"VVQQ123R060627","ECVT30-260","HY-CAP VEC3R0606QG (1840)","V-26","VVT_F1","2026-08-16","500.00000","1","2026-08-16 14:07:13"
"VVQQ123R060628","ECVT30-260","HY-CAP VEC3R0606QG (1840)","V-26","VVT_F1","2026-08-16","500.00000","1","2026-08-16 14:15:18"
"VVQQ123R060629","ECVT30-260","HY-CAP VEC3R0606QG (1840)","V-26","VVT_F1","2026-08-16","500.00000","1","2026-08-16 14:06:32"
"VVQQ123R060630","ECVT30-260","HY-CAP VEC3R0606QG (1840)","V-26","VVT_F1","2026-08-16","500.00000","1","2026-08-16 14:15:48"
"VVQQ123R060631","ECVT30-260","HY-CAP VEC3R0606QG (1840)","V-26","VVT_F1","2026-08-16","500.00000","1","2026-08-17 14:13:54"
"VVQQ123R060632","ECVT30-260","HY-CAP VEC3R0606QG (1840)","V-26","VVT_F1","2026-08-16","500.00000","1","2026-08-16 14:07:37"
"VVQQ123R060634","ECVT30-260","HY-CAP VEC3R0606QG (1840)","V-26","VVT_F1","2026-08-16","497.00000","1","2026-08-16 14:15:35"
"VVQQ123R060635","ECVT30-260","HY-CAP VEC3R0606QG (1840)","V-26","VVT_F1","2026-08-16","497.00000","1","2026-08-16 14:07:52"
"VVQQ123R060636","ECVT30-260","HY-CAP VEC3R0606QG (1840)","V-26","VVT_F1","2026-08-16","497.00000","1","2026-08-16 14:08:10"
"VVQQ133R060671","ECVT30-260","HY-CAP VEC3R0606QG (1840)","V-26","VVT_F1","2026-08-16","495.00000","1","2026-08-16 13:45:32"
"VVQQ133R060689","ECVT30-260","HY-CAP VEC3R0606QG (1840)","V-26","VVT_F1","2026-08-16","494.00000","1","2026-08-16 14:14:55"
"VVQQ133R060693","ECVT30-260","HY-CAP VEC3R0606QG (1840)","V-26","VVT_F1","2026-08-16","500.00000","1","2026-08-17 11:27:04"
"VVQQ133R060694","ECVT30-260","HY-CAP VEC3R0606QG (1840)","V-26","VVT_F1","2026-08-16","500.00000","1","2026-08-16 14:14:39"
"VVQQ133R060695","ECVT30-260","HY-CAP VEC3R0606QG (1840)","V-26","VVT_F1","2026-08-16","500.00000","1","2026-08-16 13:45:49"
"VVQQ133R060697","ECVT30-260","HY-CAP VEC3R0606QG (1840)","V-26","VVT_F1","2026-08-16","500.00000","1","2026-08-16 14:00:05"
"VVQQ133R060698","ECVT30-260","HY-CAP VEC3R0606QG (1840)","V-26","VVT_F1","2026-08-16","500.00000","1","2026-08-16 14:13:29"
"VVQQ133R060699","ECVT30-260","HY-CAP VEC3R0606QG (1840)","V-26","VVT_F1","2026-08-16","500.00000","1","2026-08-16 13:43:38"
"VVQO153R072722","ECVT30-357","HY-CAP VEC3R0727QG (35105)","V-26_BG","VVT_F5","2026-08-16","1073.00000","1","2026-08-16 10:17:36"
"VVQQ143R072722","ECVT30-357","HY-CAP VEC3R0727QG (35105)","V-26_HY","VVT_F5","2026-08-16","1057.00000","","2026-08-16 09:29:44"
"VVQQ143R072728","ECVT30-357","HY-CAP VEC3R0727QG (35105)","V-26_HY","VVT_F5","2026-08-16","1058.00000","","2026-08-16 15:52:44"
"VVQQ153R072707","ECVT30-357","HY-CAP VEC3R0727QG (35105)","V-26_HY","VVT_F5","2026-08-16","1057.00000","","2026-08-16 20:43:27"
"VVQQ153R072723","ECVT30-357","HY-CAP VEC3R0727QG (35105)","V-26_HY","VVT_F5","2026-08-16","1052.00000","","2026-08-16 16:47:48"
"VVQQ153R072724","ECVT30-357","HY-CAP VEC3R0727QG (35105)","V-26_HY","VVT_F5","2026-08-16","1059.00000","","2026-08-17 04:30:13"
"VVQQ153R072730","ECVT30-357","HY-CAP VEC3R0727QG (35105)","V-26_HY","VVT_F5","2026-08-16","1052.00000","","2026-08-16 18:51:51"
"VVQQ153R072733","ECVT30-357","HY-CAP VEC3R0727QG (35105)","V-26_HY","VVT_F5","2026-08-16","1059.00000","","2026-08-17 01:22:47"
"VVQQ163R072701","ECVT30-357","HY-CAP VEC3R0727QG (35105)","V-26_HY","VVT_F5","2026-08-16","1050.00000","","2026-08-17 07:02:42"
"VVQQ163R072704","ECVT30-357","HY-CAP VEC3R0727QG (35105)","V-26_HY","VVT_F5","2026-08-16","1060.00000","","2026-08-17 04:30:31"
"VVQQ083R072706","ECVT30-357","HY-CAP VEC3R0727QG (35105)","V-26","VVT_F1","2026-08-17","1066.00000","","2026-08-17 21:53:55"
"VVQQ093R072701","ECVT30-357","HY-CAP VEC3R0727QG (35105)","V-26","VVT_F1","2026-08-17","1074.00000","","2026-08-17 09:14:29"
"VVQQ093R072702","ECVT30-357","HY-CAP VEC3R0727QG (35105)","V-26","VVT_F1","2026-08-17","1073.00000","","2026-08-17 08:37:52"
"VVQQ093R072709","ECVT30-357","HY-CAP VEC3R0727QG (35105)","V-26","VVT_F1","2026-08-17","1065.00000","","2026-08-17 18:44:49"
"VVQQ093R072713","ECVT30-357","HY-CAP VEC3R0727QG (35105)","V-26","VVT_F1","2026-08-17","1066.00000","","2026-08-17 21:53:23"
"VVQQ093R072714","ECVT30-357","HY-CAP VEC3R0727QG (35105)","V-26","VVT_F1","2026-08-17","1066.00000","","2026-08-18 07:38:59"
"VVQQ093R072717","ECVT30-357","HY-CAP VEC3R0727QG (35105)","V-26","VVT_F1","2026-08-17","1066.00000","","2026-08-17 08:37:22"
"VVQQ103R072718","ECVT30-357","HY-CAP VEC3R0727QG (35105)","V-26","VVT_F1","2026-08-17","1074.00000","","2026-08-17 08:38:14"
"VVQQ113R072706","ECVT30-357","HY-CAP VEC3R0727QG (35105)","V-26","VVT_F1","2026-08-17","1066.00000","","2026-08-18 07:38:39"
"VVQQ113R072707","ECVT30-357","HY-CAP VEC3R0727QG (35105)","V-26","VVT_F1","2026-08-17","1067.00000","","2026-08-17 18:44:22"
"VVQQ123R060633","ECVT30-260","HY-CAP VEC3R0606QG (1840)","V-26","VVT_F1","2026-08-17","497.00000","1","2026-08-17 14:10:18"
"VVQQ123R060637","ECVT30-260","HY-CAP VEC3R0606QG (1840)","V-26","VVT_F1","2026-08-17","493.00000","1","2026-08-17 13:03:53"
"VVQQ123R060638","ECVT30-260","HY-CAP VEC3R0606QG (1840)","V-26","VVT_F1","2026-08-17","493.00000","1","2026-08-18 03:34:00"
"VVQQ123R060639","ECVT30-260","HY-CAP VEC3R0606QG (1840)","V-26","VVT_F1","2026-08-17","497.00000","1","2026-08-17 17:16:09"
"VVQQ123R060640","ECVT30-260","HY-CAP VEC3R0606QG (1840)","V-26","VVT_F1","2026-08-17","497.00000","1","2026-08-17 23:44:19"
"VVQQ123R060641","ECVT30-260","HY-CAP VEC3R0606QG (1840)","V-26","VVT_F1","2026-08-17","494.00000","1","2026-08-17 19:20:22"
"VVQQ123R060642","ECVT30-260","HY-CAP VEC3R0606QG (1840)","V-26","VVT_F1","2026-08-17","489.00000","1","2026-08-17 18:08:27"
"VVQQ123R060643","ECVT30-260","HY-CAP VEC3R0606QG (1840)","V-26","VVT_F1","2026-08-17","494.00000","1","2026-08-17 20:03:15"
"VVQQ133R06069A","ECVT30-260","HY-CAP VEC3R0606QG (1840)","V-26","VVT_F1","2026-08-17","500.00000","1","2026-08-17 18:08:46"
"VVQQ133R06069B","ECVT30-260","HY-CAP VEC3R0606QG (1840)","V-26","VVT_F1","2026-08-17","500.00000","1","2026-08-17 17:16:40"
"VVQQ133R06069D","ECVT30-260","HY-CAP VEC3R0606QG (1840)","V-26","VVT_F1","2026-08-17","500.00000","1","2026-08-17 17:13:27"
"VVQQ143R072701","ECVT30-357","HY-CAP VEC3R0727QG (35105)","V-26","VVT_F1","2026-08-17","1065.00000","","2026-08-18 07:37:55"
"VVQQ143R072702","ECVT30-357","HY-CAP VEC3R0727QG (35105)","V-26","VVT_F1","2026-08-17","1065.00000","","2026-08-18 07:31:24"
"VVQQ143R072704","ECVT30-357","HY-CAP VEC3R0727QG (35105)","V-26","VVT_F1","2026-08-17","1065.00000","","2026-08-17 21:52:37"
"VVQQ153R060653","ECVT30-260","HY-CAP VEC3R0606QG (1840)","V-26","VVT_F1","2026-08-17","497.00000","1","2026-08-18 11:12:11"
"VVQQ153R060659","ECVT30-260","HY-CAP VEC3R0606QG (1840)","V-26","VVT_F1","2026-08-17","497.00000","1","2026-08-18 18:50:33"
"VVQQ153R060660","ECVT30-260","HY-CAP VEC3R0606QG (1840)","V-26","VVT_F1","2026-08-17","497.00000","","2026-08-18 06:42:43"
"VVQQ153R060664","ECVT30-260","HY-CAP VEC3R0606QG (1840)","V-26","VVT_F1","2026-08-17","497.00000","","2026-08-18 04:44:53"
"VVQQ153R060666","ECVT30-260","HY-CAP VEC3R0606QG (1840)","V-26","VVT_F1","2026-08-17","497.00000","1","2026-08-18 07:01:31"
"VVQQ153R060669","ECVT30-260","HY-CAP VEC3R0606QG (1840)","V-26","VVT_F1","2026-08-17","497.00000","1","2026-08-18 18:50:17"
"VVQQ153R060670","ECVT30-260","HY-CAP VEC3R0606QG (1840)","V-26","VVT_F1","2026-08-17","499.00000","1","2026-08-17 23:45:02"
"VVQQ153R060680","ECVT30-260","HY-CAP VEC3R0606QG (1840)","V-26","VVT_F1","2026-08-17","499.00000","1","2026-08-18 03:34:40"
"VVQQ153R060681","ECVT30-260","HY-CAP VEC3R0606QG (1840)","V-26","VVT_F1","2026-08-17","499.00000","1","2026-08-17 23:44:52"
"VVQQ153R060682","ECVT30-260","HY-CAP VEC3R0606QG (1840)","V-26","VVT_F1","2026-08-17","499.00000","1","2026-08-18 03:34:10"
"VVQQ153R060683","ECVT30-260","HY-CAP VEC3R0606QG (1840)","V-26","VVT_F1","2026-08-17","497.00000","1","2026-08-17 23:44:42"
"VVQQ153R060684","ECVT30-260","HY-CAP VEC3R0606QG (1840)","V-26","VVT_F1","2026-08-17","497.00000","1","2026-08-18 07:02:04"
"VVQQ153R060685","ECVT30-260","HY-CAP VEC3R0606QG (1840)","V-26","VVT_F1","2026-08-17","499.00000","1","2026-08-17 20:02:23"
"VVQQ153R060686","ECVT30-260","HY-CAP VEC3R0606QG (1840)","V-26","VVT_F1","2026-08-17","499.00000","1","2026-08-18 03:34:51"
"VVQQ153R060687","ECVT30-260","HY-CAP VEC3R0606QG (1840)","V-26","VVT_F1","2026-08-17","499.00000","1","2026-08-17 21:02:51"
"VVQQ153R060688","ECVT30-260","HY-CAP VEC3R0606QG (1840)","V-26","VVT_F1","2026-08-17","499.00000","1","2026-08-17 21:17:57"
"VVQQ153R060689","ECVT30-260","HY-CAP VEC3R0606QG (1840)","V-26","VVT_F1","2026-08-17","499.00000","","2026-08-17 19:12:08"
"VVQQ153R060690","ECVT30-260","HY-CAP VEC3R0606QG (1840)","V-26","VVT_F1","2026-08-17","499.00000","1","2026-08-17 20:03:49"
"VVQQ153R06069B","ECVT30-260","HY-CAP VEC3R0606QG (1840)","V-26","VVT_F1","2026-08-17","500.00000","1","2026-08-17 23:45:13"
"VVQQ153R06069C","ECVT30-260","HY-CAP VEC3R0606QG (1840)","V-26","VVT_F1","2026-08-17","500.00000","1","2026-08-18 03:34:29"
"VVQQ153R06069M","ECVT30-260","HY-CAP VEC3R0606QG (1840)","V-26","VVT_F1","2026-08-17","500.00000","1","2026-08-18 07:01:42"
"VVQQ153R06069O","ECVT30-260","HY-CAP VEC3R0606QG (1840)","V-26","VVT_F1","2026-08-17","497.00000","1","2026-08-18 03:35:02"
"VVQQ153R06069Q","ECVT30-260","HY-CAP VEC3R0606QG (1840)","V-26","VVT_F1","2026-08-17","497.00000","1","2026-08-18 07:01:19"
"VVQQ153R06069R","ECVT30-260","HY-CAP VEC3R0606QG (1840)","V-26","VVT_F1","2026-08-17","497.00000","1","2026-08-18 03:34:20"
"VVQQ153R06069S","ECVT30-260","HY-CAP VEC3R0606QG (1840)","V-26","VVT_F1","2026-08-17","497.00000","1","2026-08-18 07:01:52"
"VVQQ153R06069T","ECVT30-260","HY-CAP VEC3R0606QG (1840)","V-26","VVT_F1","2026-08-17","497.00000","1","2026-08-17 21:02:34"
"VVQQ153R06069U","ECVT30-260","HY-CAP VEC3R0606QG (1840)","V-26","VVT_F1","2026-08-17","497.00000","1","2026-08-17 19:19:56"
"VVQQ153R06069V","ECVT30-260","HY-CAP VEC3R0606QG (1840)","V-26","VVT_F1","2026-08-17","497.00000","1","2026-08-18 03:35:16"
"VVQQ153R06069X","ECVT30-260","HY-CAP VEC3R0606QG (1840)","V-26","VVT_F1","2026-08-17","494.00000","1","2026-08-17 18:09:09"
"VVQQ153R06069Y","ECVT30-260","HY-CAP VEC3R0606QG (1840)","V-26","VVT_F1","2026-08-17","497.00000","1","2026-08-17 17:14:10"
"VVQQ163R072721","ECVT30-357","HY-CAP VEC3R0727QG (35105)","V-26","VVT_F1","2026-08-17","1064.00000","","2026-08-18 07:38:21"
"VVQO173R072705","ECVT30-357","HY-CAP VEC3R0727QG (35105)","V-26_BG","VVT_F5","2026-08-17","1059.99995","1","2026-08-17 19:44:21"
"VVQO173R072735","ECVT30-357","HY-CAP VEC3R0727QG (35105)","V-26_BG","VVT_F5","2026-08-17","1065.00000","1","2026-08-17 17:19:09"
"VVQO183R072769","ECVT30-357","HY-CAP VEC3R0727QG (35105)","V-26_BG","VVT_F5","2026-08-17","1052.00000","1","2026-08-17 19:02:44"
"VVQO203R072711","ECVT30-357","HY-CAP VEC3R0727QG (35105)","V-26_BG","VVT_F5","2026-08-17","1067.00000","1","2026-08-17 19:43:29"
"VVQQ083R072725","ECVT30-357","HY-CAP VEC3R0727QG (35105)","V-26_HY","VVT_F5","2026-08-17","1060.00000","","2026-08-18 02:20:58"
"VVQQ153R072701","ECVT30-357","HY-CAP VEC3R0727QG (35105)","V-26_HY","VVT_F5","2026-08-17","1051.00000","","2026-08-17 21:48:20"
"VVQQ153R072702","ECVT30-357","HY-CAP VEC3R0727QG (35105)","V-26_HY","VVT_F5","2026-08-17","1056.00000","","2026-08-17 09:41:48"
"VVQQ153R072703","ECVT30-357","HY-CAP VEC3R0727QG (35105)","V-26_HY","VVT_F5","2026-08-17","1053.00000","","2026-08-17 20:15:13"
"VVQQ153R072709","ECVT30-357","HY-CAP VEC3R0727QG (35105)","V-26_HY","VVT_F5","2026-08-17","1056.00000","","2026-08-18 05:54:26"
"VVQQ163R072705","ECVT30-357","HY-CAP VEC3R0727QG (35105)","V-26_HY","VVT_F5","2026-08-17","1057.00000","","2026-08-17 18:11:22"
"VVQQ163R072706","ECVT30-357","HY-CAP VEC3R0727QG (35105)","V-26_HY","VVT_F5","2026-08-17","1052.00000","","2026-08-17 18:03:04"
"VVQQ163R072708","ECVT30-357","HY-CAP VEC3R0727QG (35105)","V-26_HY","VVT_F5","2026-08-17","1051.00000","","2026-08-17 18:10:49"
"VVQQ163R072731","ECVT30-357","HY-CAP VEC3R0727QG (35105)","V-26_HY","VVT_F5","2026-08-17","1056.00000","","2026-08-17 21:49:59"
"VVQQ173R072711","ECVT30-357","HY-CAP VEC3R0727QG (35105)","V-26_HY","VVT_F5","2026-08-17","1051.00000","","2026-08-18 02:21:34"
"VVQP233R072701","ECVT30-357","HY-CAP VEC3R0727QG (35105)","V-26","VVT_F1","2026-08-18","1072.00000","1","2026-08-18 16:05:08"
"VVQQ093R072712","ECVT30-357","HY-CAP VEC3R0727QG (35105)","V-26","VVT_F1","2026-08-18","1067.00000","","2026-08-18 21:35:08"
"VVQQ103R072720","ECVT30-357","HY-CAP VEC3R0727QG (35105)","V-26","VVT_F1","2026-08-18","1066.00000","","2026-08-18 20:58:52"
"VVQQ113R072704","ECVT30-357","HY-CAP VEC3R0727QG (35105)","V-26","VVT_F1","2026-08-18","1065.00000","","2026-08-19 07:18:40"
"VVQQ113R072705","ECVT30-357","HY-CAP VEC3R0727QG (35105)","V-26","VVT_F1","2026-08-18","1067.00000","","2026-08-18 21:08:40"
"VVQQ113R072710","ECVT30-357","HY-CAP VEC3R0727QG (35105)","V-26","VVT_F1","2026-08-18","1074.00000","","2026-08-18 21:11:57"
"VVQQ113R072711","ECVT30-357","HY-CAP VEC3R0727QG (35105)","V-26","VVT_F1","2026-08-18","1067.00000","","2026-08-18 20:58:33"
"VVQQ133R072706","ECVT30-357","HY-CAP VEC3R0727QG (35105)","V-26","VVT_F1","2026-08-18","1066.00000","","2026-08-19 07:18:59"
"VVQQ133R072707","ECVT30-357","HY-CAP VEC3R0727QG (35105)","V-26","VVT_F1","2026-08-18","1065.00000","","2026-08-18 20:58:10"
"VVQQ143R072703","ECVT30-357","HY-CAP VEC3R0727QG (35105)","V-26","VVT_F1","2026-08-18","1064.00000","","2026-08-19 02:35:43"
"VVQQ153R060654","ECVT30-260","HY-CAP VEC3R0606QG (1840)","V-26","VVT_F1","2026-08-18","497.00000","1","2026-08-18 12:29:29"
"VVQQ153R060655","ECVT30-260","HY-CAP VEC3R0606QG (1840)","V-26","VVT_F1","2026-08-18","497.00000","1","2026-08-18 12:29:12"
"VVQQ153R060656","ECVT30-260","HY-CAP VEC3R0606QG (1840)","V-26","VVT_F1","2026-08-18","497.00000","1","2026-08-18 16:43:26"
"VVQQ153R060658","ECVT30-260","HY-CAP VEC3R0606QG (1840)","V-26","VVT_F1","2026-08-18","493.00000","1","2026-08-18 16:43:45"
"VVQQ153R060661","ECVT30-260","HY-CAP VEC3R0606QG (1840)","V-26","VVT_F1","2026-08-18","497.00000","1","2026-08-18 20:41:09"
"VVQQ153R060662","ECVT30-260","HY-CAP VEC3R0606QG (1840)","V-26","VVT_F1","2026-08-18","493.00000","1","2026-08-18 12:29:47"
"VVQQ153R060663","ECVT30-260","HY-CAP VEC3R0606QG (1840)","V-26","VVT_F1","2026-08-18","497.00000","1","2026-08-18 17:51:06"
"VVQQ153R060665","ECVT30-260","HY-CAP VEC3R0606QG (1840)","V-26","VVT_F1","2026-08-18","497.00000","1","2026-08-18 20:41:25"
"VVQQ153R060667","ECVT30-260","HY-CAP VEC3R0606QG (1840)","V-26","VVT_F1","2026-08-18","494.00000","1","2026-08-18 15:48:24"
"VVQQ153R060668","ECVT30-260","HY-CAP VEC3R0606QG (1840)","V-26","VVT_F1","2026-08-18","497.00000","1","2026-08-18 15:31:02"
"VVQQ153R06069N","ECVT30-260","HY-CAP VEC3R0606QG (1840)","V-26","VVT_F1","2026-08-18","497.00000","1","2026-08-18 15:31:17"
"VVQQ153R06069P","ECVT30-260","HY-CAP VEC3R0606QG (1840)","V-26","VVT_F1","2026-08-18","497.00000","1","2026-08-18 17:50:37"
"VVQQ153R06069W","ECVT30-260","HY-CAP VEC3R0606QG (1840)","V-26","VVT_F1","2026-08-18","497.00000","1","2026-08-18 11:16:08"
"VVQQ173R060623","ECVT30-260","HY-CAP VEC3R0606QG (1840)","V-26","VVT_F1","2026-08-18","497.00000","1","2026-08-18 19:17:48"
"VVQQ173R060624","ECVT30-260","HY-CAP VEC3R0606QG (1840)","V-26","VVT_F1","2026-08-18","495.00000","1","2026-08-18 15:48:54"
"VVQQ173R060625","ECVT30-260","HY-CAP VEC3R0606QG (1840)","V-26","VVT_F1","2026-08-18","497.00000","1","2026-08-18 16:44:10"
"VVQQ173R060626","ECVT30-260","HY-CAP VEC3R0606QG (1840)","V-26","VVT_F1","2026-08-18","497.00000","1","2026-08-19 01:05:21"
"VVQQ173R060627","ECVT30-260","HY-CAP VEC3R0606QG (1840)","V-26","VVT_F1","2026-08-18","492.00000","1","2026-08-18 17:51:56"
"VVQQ173R060628","ECVT30-260","HY-CAP VEC3R0606QG (1840)","V-26","VVT_F1","2026-08-18","500.00000","1","2026-08-19 03:33:55"
"VVQQ173R060629","ECVT30-260","HY-CAP VEC3R0606QG (1840)","V-26","VVT_F1","2026-08-18","500.00000","1","2026-08-18 20:02:39"
"VVQQ173R060630","ECVT30-260","HY-CAP VEC3R0606QG (1840)","V-26","VVT_F1","2026-08-18","500.00000","1","2026-08-18 23:39:50"
"VVQQ173R060631","ECVT30-260","HY-CAP VEC3R0606QG (1840)","V-26","VVT_F1","2026-08-18","500.00000","1","2026-08-18 23:39:39"
"VVQQ173R060632","ECVT30-260","HY-CAP VEC3R0606QG (1840)","V-26","VVT_F1","2026-08-18","500.00000","1","2026-08-18 23:40:05"
"VVQQ173R060633","ECVT30-260","HY-CAP VEC3R0606QG (1840)","V-26","VVT_F1","2026-08-18","500.00000","1","2026-08-18 23:40:22"
"VVQQ173R060634","ECVT30-260","HY-CAP VEC3R0606QG (1840)","V-26","VVT_F1","2026-08-18","500.00000","1","2026-08-18 19:18:02"
"VVQQ173R060635","ECVT30-260","HY-CAP VEC3R0606QG (1840)","V-26","VVT_F1","2026-08-18","500.00000","1","2026-08-19 03:34:29"
"VVQQ173R060636","ECVT30-260","HY-CAP VEC3R0606QG (1840)","V-26","VVT_F1","2026-08-18","499.00000","1","2026-08-19 03:33:30"
"VVQQ173R060637","ECVT30-260","HY-CAP VEC3R0606QG (1840)","V-26","VVT_F1","2026-08-18","499.00000","1","2026-08-19 01:05:32"
"VVQQ173R060638","ECVT30-260","HY-CAP VEC3R0606QG (1840)","V-26","VVT_F1","2026-08-18","500.00000","1","2026-08-18 20:40:42"
"VVQQ173R060640","ECVT30-260","HY-CAP VEC3R0606QG (1840)","V-26","VVT_F1","2026-08-18","497.00000","1","2026-08-19 03:33:43"
"VVQQ173R060641","ECVT30-260","HY-CAP VEC3R0606QG (1840)","V-26","VVT_F1","2026-08-18","500.00000","1","2026-08-18 20:03:24"
"VVQQ173R060642","ECVT30-260","HY-CAP VEC3R0606QG (1840)","V-26","VVT_F1","2026-08-18","500.00000","1","2026-08-19 03:34:17"
"VVQQ173R060643","ECVT30-260","HY-CAP VEC3R0606QG (1840)","V-26","VVT_F1","2026-08-18","500.00000","1","2026-08-19 03:33:06"
"VVQQ173R060645","ECVT30-260","HY-CAP VEC3R0606QG (1840)","V-26","VVT_F1","2026-08-18","500.00000","1","2026-08-18 20:03:03"
"VVQQ173R060646","ECVT30-260","HY-CAP VEC3R0606QG (1840)","V-26","VVT_F1","2026-08-18","500.00000","1","2026-08-19 08:53:27"
"VVQQ173R060647","ECVT30-260","HY-CAP VEC3R0606QG (1840)","V-26","VVT_F1","2026-08-18","500.00000","1","2026-08-18 23:40:32"
"VVQQ173R060648","ECVT30-260","HY-CAP VEC3R0606QG (1840)","V-26","VVT_F1","2026-08-18","500.00000","1","2026-08-19 01:05:46"
"VVQQ173R060651","ECVT30-260","HY-CAP VEC3R0606QG (1840)","V-26","VVT_F1","2026-08-18","497.00000","1","2026-08-19 07:05:35"
"VVQQ173R060652","ECVT30-260","HY-CAP VEC3R0606QG (1840)","V-26","VVT_F1","2026-08-18","497.00000","1","2026-08-19 12:10:00"
"VVQQ173R060654","ECVT30-260","HY-CAP VEC3R0606QG (1840)","V-26","VVT_F1","2026-08-18","497.00000","1","2026-08-19 13:36:55"
"VVQQ173R060655","ECVT30-260","HY-CAP VEC3R0606QG (1840)","V-26","VVT_F1","2026-08-18","497.00000","1","2026-08-19 03:33:16"
"VVQQ173R060658","ECVT30-260","HY-CAP VEC3R0606QG (1840)","V-26","VVT_F1","2026-08-18","497.00000","1","2026-08-19 12:09:44"
"VVQO153R072726","ECVT30-357","HY-CAP VEC3R0727QG (35105)","V-26_BG","VVT_F5","2026-08-18","1073.00000","1","2026-08-18 17:08:33"
"VVQO163R072742","ECVT30-357","HY-CAP VEC3R0727QG (35105)","V-26_BG","VVT_F5","2026-08-18","1065.00000","1","2026-08-18 18:15:21"
"VVQO173R072731","ECVT30-357","HY-CAP VEC3R0727QG (35105)","V-26_BG","VVT_F5","2026-08-18","1058.99989","1","2026-08-18 17:09:15"
"VVQO193R072712","ECVT30-357","HY-CAP VEC3R0727QG (35105)","V-26_BG","VVT_F5","2026-08-18","1066.00000","1","2026-08-18 10:35:01"
"VVQO193R072766","ECVT30-357","HY-CAP VEC3R0727QG (35105)","V-26_BG","VVT_F5","2026-08-18","1065.00000","1","2026-08-18 21:15:53"
"VVQO203R072713","ECVT30-357","HY-CAP VEC3R0727QG (35105)","V-26_BG","VVT_F5","2026-08-18","1066.00000","1","2026-08-18 15:46:59"
"VVQQ143R072714","ECVT30-357","HY-CAP VEC3R0727QG (35105)","V-26_HY","VVT_F5","2026-08-18","1051.00000","","2026-08-18 21:27:35"
"VVQQ163R072709","ECVT30-357","HY-CAP VEC3R0727QG (35105)","V-26_HY","VVT_F5","2026-08-18","1048.00000","","2026-08-18 18:43:59"
"VVQQ163R072732","ECVT30-357","HY-CAP VEC3R0727QG (35105)","V-26_HY","VVT_F5","2026-08-18","1055.00000","","2026-08-19 04:34:10"
"VVQQ163R072733","ECVT30-357","HY-CAP VEC3R0727QG (35105)","V-26_HY","VVT_F5","2026-08-18","1059.00000","","2026-08-19 04:23:57"
"VVQQ173R072712","ECVT30-357","HY-CAP VEC3R0727QG (35105)","V-26_HY","VVT_F5","2026-08-18","1050.00000","","2026-08-19 06:57:09"
"VVQQ173R072715","ECVT30-357","HY-CAP VEC3R0727QG (35105)","V-26_HY","VVT_F5","2026-08-18","1054.00000","","2026-08-19 03:35:00"
"VVQQ173R072718","ECVT30-357","HY-CAP VEC3R0727QG (35105)","V-26_HY","VVT_F5","2026-08-18","1057.00000","","2026-08-19 07:28:30"
"VVQQ103R072707","ECVT30-357","HY-CAP VEC3R0727QG (35105)","V-26","VVT_F1","2026-08-19","1066.00000","","2026-08-19 21:09:44"
"VVQQ103R072721","ECVT30-357","HY-CAP VEC3R0727QG (35105)","V-26","VVT_F1","2026-08-19","1069.00000","","2026-08-19 19:09:34"
"VVQQ113R072702","ECVT30-357","HY-CAP VEC3R0727QG (35105)","V-26","VVT_F1","2026-08-19","1065.00000","","2026-08-19 19:09:01"
"VVQQ113R072709","ECVT30-357","HY-CAP VEC3R0727QG (35105)","V-26","VVT_F1","2026-08-19","1074.00000","","2026-08-19 19:09:18"
"VVQQ123R072701","ECVT30-357","HY-CAP VEC3R0727QG (35105)","V-26","VVT_F1","2026-08-19","1065.00000","","2026-08-19 19:10:08"
"VVQQ133R06069C","ECVT30-260","HY-CAP VEC3R0606QG (1840)","V-26","VVT_F1","2026-08-19","500.00000","1","2026-08-19 10:43:14"
"VVQQ153R060657","ECVT30-260","HY-CAP VEC3R0606QG (1840)","V-26","VVT_F1","2026-08-19","493.00000","1","2026-08-19 17:56:31"
"VVQQ153R060672","ECVT30-260","HY-CAP VEC3R0606QG (1840)","V-26","VVT_F1","2026-08-19","499.00000","1","2026-08-19 10:39:35"
"VVQQ153R060673","ECVT30-260","HY-CAP VEC3R0606QG (1840)","V-26","VVT_F1","2026-08-19","496.00000","1","2026-08-19 17:11:57"
"VVQQ153R060674","ECVT30-260","HY-CAP VEC3R0606QG (1840)","V-26","VVT_F1","2026-08-19","499.00000","1","2026-08-19 18:07:14"
"VVQQ153R060675","ECVT30-260","HY-CAP VEC3R0606QG (1840)","V-26","VVT_F1","2026-08-19","499.00000","1","2026-08-19 20:44:16"
"VVQQ153R060678","ECVT30-260","HY-CAP VEC3R0606QG (1840)","V-26","VVT_F1","2026-08-19","496.00000","1","2026-08-20 05:21:57"
"VVQQ153R06069A","ECVT30-260","HY-CAP VEC3R0606QG (1840)","V-26","VVT_F1","2026-08-19","500.00000","1","2026-08-19 19:25:33"
"VVQQ153R06069E","ECVT30-260","HY-CAP VEC3R0606QG (1840)","V-26","VVT_F1","2026-08-19","500.00000","1","2026-08-19 17:44:58"
"VVQQ153R06069L","ECVT30-260","HY-CAP VEC3R0606QG (1840)","V-26","VVT_F1","2026-08-19","500.00000","1","2026-08-19 15:57:14"
"VVQQ163R050706","ECVT30-117","HY-CAP VEP3R0507QG (3582)","V-26","VVT_F1","2026-08-19","1068.00000","","2026-08-20 01:41:48"
"VVQQ163R050707","ECVT30-117","HY-CAP VEP3R0507QG (3582)","V-26","VVT_F1","2026-08-19","1071.00000","","2026-08-20 01:41:21"
"VVQQ173R060639","ECVT30-260","HY-CAP VEC3R0606QG (1840)","V-26","VVT_F1","2026-08-19","500.00000","1","2026-08-19 17:53:34"
"VVQQ173R060644","ECVT30-260","HY-CAP VEC3R0606QG (1840)","V-26","VVT_F1","2026-08-19","500.00000","1","2026-08-19 15:56:39"
"VVQQ173R060649","ECVT30-260","HY-CAP VEC3R0606QG (1840)","V-26","VVT_F1","2026-08-19","500.00000","1","2026-08-19 17:37:49"
"VVQQ173R060650","ECVT30-260","HY-CAP VEC3R0606QG (1840)","V-26","VVT_F1","2026-08-19","497.00000","1","2026-08-19 17:53:21"
"VVQQ173R060653","ECVT30-260","HY-CAP VEC3R0606QG (1840)","V-26","VVT_F1","2026-08-19","497.00000","1","2026-08-20 01:47:27"
"VVQQ173R060656","ECVT30-260","HY-CAP VEC3R0606QG (1840)","V-26","VVT_F1","2026-08-19","497.00000","1","2026-08-19 10:34:59"
"VVQQ173R060657","ECVT30-260","HY-CAP VEC3R0606QG (1840)","V-26","VVT_F1","2026-08-19","497.00000","1","2026-08-19 20:44:28"
"VVQQ173R060659","ECVT30-260","HY-CAP VEC3R0606QG (1840)","V-26","VVT_F1","2026-08-19","497.00000","1","2026-08-19 17:45:13"
"VVQQ173R060660","ECVT30-260","HY-CAP VEC3R0606QG (1840)","V-26","VVT_F1","2026-08-19","500.00000","1","2026-08-19 13:54:17"
"VVQQ173R060662","ECVT30-260","HY-CAP VEC3R0606QG (1840)","V-26","VVT_F1","2026-08-19","500.00000","1","2026-08-19 15:15:46"
"VVQQ183R060602","ECVT30-260","HY-CAP VEC3R0606QG (1840)","V-26","VVT_F1","2026-08-19","500.00000","1","2026-08-19 15:57:42"
"VVQQ183R060604","ECVT30-260","HY-CAP VEC3R0606QG (1840)","V-26","VVT_F1","2026-08-19","500.00000","1","2026-08-19 15:15:59"
"VVQQ183R060605","ECVT30-260","HY-CAP VEC3R0606QG (1840)","V-26","VVT_F1","2026-08-19","500.00000","1","2026-08-19 19:26:16"
"VVQQ183R060606","ECVT30-260","HY-CAP VEC3R0606QG (1840)","V-26","VVT_F1","2026-08-19","500.00000","1","2026-08-19 17:12:19"
"VVQQ183R060607","ECVT30-260","HY-CAP VEC3R0606QG (1840)","V-26","VVT_F1","2026-08-19","500.00000","1","2026-08-19 19:25:58"
"VVQQ183R060608","ECVT30-260","HY-CAP VEC3R0606QG (1840)","V-26","VVT_F1","2026-08-19","497.00000","1","2026-08-19 19:55:03"
"VVQQ183R060609","ECVT30-260","HY-CAP VEC3R0606QG (1840)","V-26","VVT_F1","2026-08-19","497.00000","1","2026-08-20 02:55:49"
"VVQQ183R060610","ECVT30-260","HY-CAP VEC3R0606QG (1840)","V-26","VVT_F1","2026-08-19","500.00000","1","2026-08-19 17:44:43"
"VVQQ183R060611","ECVT30-260","HY-CAP VEC3R0606QG (1840)","V-26","VVT_F1","2026-08-19","500.00000","1","2026-08-19 19:55:18"
"VVQQ183R060613","ECVT30-260","HY-CAP VEC3R0606QG (1840)","V-26","VVT_F1","2026-08-19","497.00000","1","2026-08-20 15:39:17"
"VVQQ183R060614","ECVT30-260","HY-CAP VEC3R0606QG (1840)","V-26","VVT_F1","2026-08-19","500.00000","1","2026-08-19 23:50:22"
"VVQQ183R060615","ECVT30-260","HY-CAP VEC3R0606QG (1840)","V-26","VVT_F1","2026-08-19","500.00000","1","2026-08-19 23:44:54"
"VVQQ183R060616","ECVT30-260","HY-CAP VEC3R0606QG (1840)","V-26","VVT_F1","2026-08-19","500.00000","1","2026-08-19 23:45:23"
"VVQQ183R060617","ECVT30-260","HY-CAP VEC3R0606QG (1840)","V-26","VVT_F1","2026-08-19","500.00000","1","2026-08-20 02:56:11"
"VVQQ183R060618","ECVT30-260","HY-CAP VEC3R0606QG (1840)","V-26","VVT_F1","2026-08-19","493.00000","1","2026-08-20 02:55:26"
"VVQQ183R060619","ECVT30-260","HY-CAP VEC3R0606QG (1840)","V-26","VVT_F1","2026-08-19","497.00000","1","2026-08-19 23:45:08"
"VVQQ183R060620","ECVT30-260","HY-CAP VEC3R0606QG (1840)","V-26","VVT_F1","2026-08-19","497.00000","1","2026-08-20 02:55:59"
"VVQQ183R060621","ECVT30-260","HY-CAP VEC3R0606QG (1840)","V-26","VVT_F1","2026-08-19","495.00000","1","2026-08-19 23:44:39"
"VVQQ183R060622","ECVT30-260","HY-CAP VEC3R0606QG (1840)","V-26","VVT_F1","2026-08-19","495.00000","1","2026-08-20 04:30:32"
"VVQQ183R060624","ECVT30-260","HY-CAP VEC3R0606QG (1840)","V-26","VVT_F1","2026-08-19","498.00000","1","2026-08-20 02:55:38"
"VVQQ183R060626","ECVT30-260","HY-CAP VEC3R0606QG (1840)","V-26","VVT_F1","2026-08-19","497.00000","1","2026-08-20 04:30:41"
"VVQQ183R060627","ECVT30-260","HY-CAP VEC3R0606QG (1840)","V-26","VVT_F1","2026-08-19","497.00000","1","2026-08-20 18:39:29"
"VVQQ183R060628","ECVT30-260","HY-CAP VEC3R0606QG (1840)","V-26","VVT_F1","2026-08-19","497.00000","1","2026-08-20 04:30:51"
"VVQO193R072703","ECVT30-357","HY-CAP VEC3R0727QG (35105)","V-26_BG","VVT_F2","2026-08-19","1061.00000","1","2026-08-19 11:47:46"
"VVQO193R072760","ECVT30-357","HY-CAP VEC3R0727QG (35105)","V-26_BG","VVT_F2","2026-08-19","1049.00000","1","2026-08-19 12:27:59"
"VVQP183R072706","ECVT30-357","HY-CAP VEC3R0727QG (35105)","V-26","VVT_F5","2026-08-19","1063.00000","1","2026-08-19 11:26:16"
"VVQP263R072709","ECVT30-357","HY-CAP VEC3R0727QG (35105)","V-26","VVT_F5","2026-08-19","1073.00000","1","2026-08-19 11:24:59"
"VVQP263R072710","ECVT30-357","HY-CAP VEC3R0727QG (35105)","V-26","VVT_F5","2026-08-19","1073.00000","1","2026-08-19 11:25:18"
"VVQP283R072702","ECVT30-357","HY-CAP VEC3R0727QG (35105)","V-26","VVT_F5","2026-08-19","1064.00000","1","2026-08-19 11:25:35"
"VVQQ143R072721","ECVT30-357","HY-CAP VEC3R0727QG (35105)","V-26_HY","VVT_F5","2026-08-19","1052.00000","","2026-08-20 03:44:41"
"VVQQ153R072734","ECVT30-357","HY-CAP VEC3R0727QG (35105)","V-26_HY","VVT_F5","2026-08-19","1057.00000","","2026-08-20 07:05:34"
"VVQQ163R072702","ECVT30-357","HY-CAP VEC3R0727QG (35105)","V-26_HY","VVT_F5","2026-08-19","1040.00000","","2026-08-19 17:10:47"
"VVQQ163R072734","ECVT30-357","HY-CAP VEC3R0727QG (35105)","V-26_HY","VVT_F5","2026-08-19","1066.00000","","2026-08-18 14:12:23"
"VVQQ163R072735","ECVT30-357","HY-CAP VEC3R0727QG (35105)","V-26_HY","VVT_F5","2026-08-19","1059.00000","","2026-08-18 14:08:22"
"VVQQ163R072736","ECVT30-357","HY-CAP VEC3R0727QG (35105)","V-26_HY","VVT_F5","2026-08-19","1062.00000","","2026-08-18 14:04:19"
"VVQQ163R072737","ECVT30-357","HY-CAP VEC3R0727QG (35105)","V-26_HY","VVT_F5","2026-08-19","1060.00000","","2026-08-18 13:59:58"
"VVQQ173R072709","ECVT30-357","HY-CAP VEC3R0727QG (35105)","V-26_HY","VVT_F5","2026-08-19","1059.00000","","2026-08-20 03:55:53"
"VVQQ173R072710","ECVT30-357","HY-CAP VEC3R0727QG (35105)","V-26_HY","VVT_F5","2026-08-19","1057.00000","","2026-08-20 03:49:28"
"VVQQ173R072713","ECVT30-357","HY-CAP VEC3R0727QG (35105)","V-26_HY","VVT_F5","2026-08-19","1050.00000","","2026-08-19 13:08:00"
"VVQQ173R072714","ECVT30-357","HY-CAP VEC3R0727QG (35105)","V-26_HY","VVT_F5","2026-08-19","1047.00000","","2026-08-19 12:44:24"
"VVQQ173R072719","ECVT30-357","HY-CAP VEC3R0727QG (35105)","V-26_HY","VVT_F5","2026-08-19","1056.00000","","2026-08-19 16:19:09"
"VVQQ173R072726","ECVT30-357","HY-CAP VEC3R0727QG (35105)","V-26_HY","VVT_F5","2026-08-19","1054.00000","","2026-08-19 15:45:08"
"VVQQ183R072715","ECVT30-357","HY-CAP VEC3R0727QG (35105)","V-26_HY","VVT_F5","2026-08-19","1051.00000","","2026-08-20 07:08:43"
"VVQQ183R072718","ECVT30-357","HY-CAP VEC3R0727QG (35105)","V-26_HY","VVT_F5","2026-08-19","1071.00000","","2026-08-19 18:26:05"
"VVQQ183R072719","ECVT30-357","HY-CAP VEC3R0727QG (35105)","V-26_HY","VVT_F5","2026-08-19","1059.00000","","2026-08-19 21:26:03"
"VVQQ183R072720","ECVT30-357","HY-CAP VEC3R0727QG (35105)","V-26_HY","VVT_F5","2026-08-19","1055.00000","","2026-08-20 00:29:02"
"VVQQ183R072724","ECVT30-357","HY-CAP VEC3R0727QG (35105)","V-26_HY","VVT_F5","2026-08-19","1054.00000","","2026-08-20 04:29:20"
