"Barcode","RouteCode","WorkCenterCode","JobDate","ProdQty","CompleteRoute","ProdDateTime"
"VVQQ033R072707","V-26","VVT_F1","2026-08-11","1072.00000","","2026-08-11 16:59:47"
"VVQQ043R072708","V-26","VVT_F1","2026-08-11","1071.00000","","2026-08-11 17:02:01"
"VVQQ043R072709","V-26","VVT_F1","2026-08-11","1065.00000","","2026-08-11 16:59:25"
"VVQQ043R072710","V-26","VVT_F1","2026-08-11","1071.00000","","2026-08-12 05:41:49"
"VVQQ053R072723","V-26","VVT_F1","2026-08-11","1073.00000","","2026-08-11 19:54:32"
"VVQQ073R060674","V-26","VVT_F1","2026-08-11","500.00000","","2026-08-11 20:11:27"
"VVQQ082R710618","V-26","VVT_F1","2026-08-11","1982.00000","1","2026-08-11 22:17:06"
"VVQQ083R072701","V-26","VVT_F1","2026-08-11","1065.00000","","2026-08-12 05:42:52"
"VVQQ083R072702","V-26","VVT_F1","2026-08-11","1071.00000","","2026-08-12 05:42:36"
"VVQQ112R710623","V-26","VVT_F1","2026-08-11","1982.00000","1","2026-08-13 04:48:31"
"VVQQ133R06069M","V-26","VVT_F1","2026-08-11","497.00000","1","2026-08-11 23:59:14"
"VVQQ133R0606A7","V-26","VVT_F1","2026-08-11","497.00000","1","2026-08-12 02:39:03"
"VVQQ133R0606A8","V-26","VVT_F1","2026-08-11","497.00000","1","2026-08-11 23:08:51"
"VVQQ133R0606AN","V-26","VVT_F1","2026-08-11","497.00000","1","2026-08-11 23:58:53"
"VVQQ133R0606AX","V-26","VVT_F1","2026-08-11","497.00000","1","2026-08-11 23:59:32"
"VVQQ143R060602","V-26","VVT_F1","2026-08-11","497.00000","1","2026-08-12 01:43:55"
"VVQQ143R060603","V-26","VVT_F1","2026-08-11","496.00000","1","2026-08-12 12:12:50"
"VVQQ143R060604","V-26","VVT_F1","2026-08-11","493.00000","1","2026-08-11 20:49:35"
"VVQQ143R060606","V-26","VVT_F1","2026-08-11","497.00000","1","2026-08-12 08:18:07"
"VVQQ143R060608","V-26","VVT_F1","2026-08-11","500.00000","1","2026-08-11 11:11:35"
"VVQQ143R060609","V-26","VVT_F1","2026-08-11","497.00000","1","2026-08-12 02:38:42"
"VVQQ143R060610","V-26","VVT_F1","2026-08-11","500.00000","1","2026-08-11 21:12:59"
"VVQQ143R060611","V-26","VVT_F1","2026-08-11","497.00000","1","2026-08-12 04:05:16"
"VVQQ143R060612","V-26","VVT_F1","2026-08-11","497.00000","1","2026-08-12 06:41:46"
"VVQQ143R060613","V-26","VVT_F1","2026-08-11","497.00000","1","2026-08-12 07:02:56"
"VVQQ143R060616","V-26","VVT_F1","2026-08-11","500.00000","1","2026-08-11 13:25:11"
"VVQQ143R060617","V-26","VVT_F1","2026-08-11","493.00000","1","2026-08-12 02:38:22"
"VVQQ143R060619","V-26","VVT_F1","2026-08-11","497.00000","1","2026-08-12 01:43:40"
"VVQQ143R060620","V-26","VVT_F1","2026-08-11","497.00000","1","2026-08-11 23:09:05"
"VVQQ143R060621","V-26","VVT_F1","2026-08-11","497.00000","1","2026-08-12 12:13:04"
"VVQQ143R060624","V-26","VVT_F1","2026-08-11","495.00000","1","2026-08-11 20:50:11"
"VVQQ143R060625","V-26","VVT_F1","2026-08-11","500.00000","1","2026-08-12 08:18:25"
"VVQQ143R060627","V-26","VVT_F1","2026-08-11","497.00000","1","2026-08-11 20:49:23"
"VVQQ143R060633","V-26","VVT_F1","2026-08-11","497.00000","1","2026-08-11 20:50:21"
"VVQQ143R060635","V-26","VVT_F1","2026-08-11","497.00000","1","2026-08-12 08:18:41"
"VVQQ143R060639","V-26","VVT_F1","2026-08-11","500.00000","1","2026-08-11 20:49:45"
"VVQQ143R060641","V-26","VVT_F1","2026-08-11","497.00000","1","2026-08-11 20:50:41"
"VVQQ143R060642","V-26","VVT_F1","2026-08-11","497.00000","1","2026-08-11 15:27:19"
"VVQQ143R060643","V-26","VVT_F1","2026-08-11","497.00000","1","2026-08-11 20:50:31"
"VVQQ143R060644","V-26","VVT_F1","2026-08-11","497.00000","1","2026-08-11 17:19:42"
"VVQQ143R060645","V-26","VVT_F1","2026-08-11","500.00000","1","2026-08-11 14:45:18"
"VVQQ143R060646","V-26","VVT_F1","2026-08-11","500.00000","1","2026-08-11 17:19:53"
"VVQQ143R060648","V-26","VVT_F1","2026-08-11","500.00000","1","2026-08-11 13:25:28"
"VVQQ143R060649","V-26","VVT_F1","2026-08-11","497.00000","1","2026-08-11 15:27:06"
"VVQQ143R060655","V-26","VVT_F1","2026-08-11","500.00000","1","2026-08-11 10:59:19"
"VVQQ143R060671","V-26","VVT_F1","2026-08-11","497.00000","1","2026-08-12 07:01:52"
"VVQQ153R060604","V-26","VVT_F1","2026-08-11","492.00000","1","2026-08-12 04:05:36"
"VVQQ053R072712","V-26_HY","VVT_F5","2026-08-11","1064.00000","","2026-08-12 07:39:42"
"VVQQ053R072715","V-26_HY","VVT_F5","2026-08-11","1057.00000","","2026-08-11 17:01:23"
"VVQQ053R072716","V-26_HY","VVT_F5","2026-08-11","1057.00000","","2026-08-12 05:44:42"
"VVQQ073R072711","V-26_HY","VVT_F5","2026-08-11","1060.00000","","2026-08-11 18:39:24"
"VVQQ063R072710","V-26","VVT_F1","2026-08-12","1073.00000","","2026-08-13 06:12:28"
"VVQQ063R072711","V-26","VVT_F1","2026-08-12","1073.00000","","2026-08-12 18:07:31"
"VVQQ063R072727","V-26","VVT_F1","2026-08-12","1067.00000","","2026-08-12 18:06:23"
"VVQQ063R072728","V-26","VVT_F1","2026-08-12","1070.00000","","2026-08-13 07:42:35"
"VVQQ063R072729","V-26","VVT_F1","2026-08-12","1070.00000","","2026-08-12 18:06:39"
"VVQQ063R072731","V-26","VVT_F1","2026-08-12","1068.00000","","2026-08-13 06:11:44"
"VVQQ073R072728","V-26","VVT_F1","2026-08-12","1070.00000","","2026-08-13 06:12:07"
"VVQQ073R072730","V-26","VVT_F1","2026-08-12","1071.00000","","2026-08-12 18:07:06"
"VVQQ103R060669","V-26","VVT_F1","2026-08-12","500.00000","1","2026-08-13 14:47:36"
"VVQQ143R060605","V-26","VVT_F1","2026-08-12","497.00000","1","2026-08-12 14:55:44"
"VVQQ143R060614","V-26","VVT_F1","2026-08-12","500.00000","1","2026-08-13 03:50:25"
"VVQQ143R060631","V-26","VVT_F1","2026-08-12","497.00000","1","2026-08-12 19:08:11"
"VVQQ143R060634","V-26","VVT_F1","2026-08-12","500.00000","1","2026-08-12 16:09:35"
"VVQQ143R060636","V-26","VVT_F1","2026-08-12","497.00000","1","2026-08-12 22:49:34"
"VVQQ143R060647","V-26","VVT_F1","2026-08-12","500.00000","1","2026-08-13 06:53:16"
"VVQQ143R060650","V-26","VVT_F1","2026-08-12","497.00000","1","2026-08-12 20:33:30"
"VVQQ143R060652","V-26","VVT_F1","2026-08-12","497.00000","1","2026-08-12 20:33:19"
"VVQQ143R060657","V-26","VVT_F1","2026-08-12","497.00000","1","2026-08-13 00:23:51"
"VVQQ143R060659","V-26","VVT_F1","2026-08-12","497.00000","1","2026-08-12 20:32:51"
"VVQQ143R060661","V-26","VVT_F1","2026-08-12","497.00000","1","2026-08-12 17:46:25"
"VVQQ143R060663","V-26","VVT_F1","2026-08-12","497.00000","1","2026-08-13 02:43:21"
"VVQQ143R060664","V-26","VVT_F1","2026-08-12","497.00000","1","2026-08-13 05:14:38"
"VVQQ143R060665","V-26","VVT_F1","2026-08-12","493.00000","1","2026-08-12 20:31:56"
"VVQQ143R060666","V-26","VVT_F1","2026-08-12","497.00000","1","2026-08-12 20:33:03"
"VVQQ143R060667","V-26","VVT_F1","2026-08-12","497.00000","1","2026-08-12 16:09:23"
"VVQQ143R060668","V-26","VVT_F1","2026-08-12","497.00000","1","2026-08-13 03:51:04"
"VVQQ143R060669","V-26","VVT_F1","2026-08-12","497.00000","1","2026-08-13 00:23:24"
"VVQQ143R060670","V-26","VVT_F1","2026-08-12","497.00000","1","2026-08-12 22:49:08"
"VVQQ143R060672","V-26","VVT_F1","2026-08-12","497.00000","1","2026-08-13 00:22:51"
"VVQQ143R060673","V-26","VVT_F1","2026-08-12","497.00000","1","2026-08-12 17:46:36"
"VVQQ143R060674","V-26","VVT_F1","2026-08-12","497.00000","1","2026-08-12 20:32:09"
"VVQQ143R060675","V-26","VVT_F1","2026-08-12","494.00000","1","2026-08-12 19:07:44"
"VVQQ143R060676","V-26","VVT_F1","2026-08-12","497.00000","1","2026-08-12 15:08:37"
"VVQQ143R060677","V-26","VVT_F1","2026-08-12","497.00000","1","2026-08-13 01:52:14"
"VVQQ143R060678","V-26","VVT_F1","2026-08-12","497.00000","1","2026-08-12 16:09:14"
"VVQQ143R060679","V-26","VVT_F1","2026-08-12","500.00000","1","2026-08-13 08:38:27"
"VVQQ143R060684","V-26","VVT_F1","2026-08-12","494.00000","1","2026-08-12 19:07:56"
"VVQQ143R060686","V-26","VVT_F1","2026-08-12","497.00000","1","2026-08-13 04:50:25"
"VVQQ143R060687","V-26","VVT_F1","2026-08-12","497.00000","1","2026-08-13 04:50:47"
"VVQQ143R060689","V-26","VVT_F1","2026-08-12","494.00000","1","2026-08-13 04:16:57"
"VVQQ143R060691","V-26","VVT_F1","2026-08-12","500.00000","1","2026-08-13 06:53:41"
"VVQQ143R060692","V-26","VVT_F1","2026-08-12","500.00000","1","2026-08-13 07:09:17"
"VVQQ143R060693","V-26","VVT_F1","2026-08-12","497.00000","1","2026-08-13 07:08:59"
"VVQQ143R060694","V-26","VVT_F1","2026-08-12","500.00000","1","2026-08-13 02:43:55"
"VVQQ153R060601","V-26","VVT_F1","2026-08-12","497.00000","1","2026-08-13 07:09:34"
"VVQQ153R060602","V-26","VVT_F1","2026-08-12","497.00000","1","2026-08-12 15:25:54"
"VVQQ153R060639","V-26","VVT_F1","2026-08-12","500.00000","1","2026-08-13 01:51:59"
"VVQQ153R060640","V-26","VVT_F1","2026-08-12","500.00000","1","2026-08-13 01:51:43"
"VVQQ053R072711","V-26_HY","VVT_F5","2026-08-12","1065.00000","","2026-08-13 06:13:26"
"VVQQ063R072720","V-26_HY","VVT_F5","2026-08-12","1039.00000","","2026-08-12 16:16:08"
"VVQQ063R072722","V-26_HY","VVT_F5","2026-08-12","1059.00000","","2026-08-12 16:15:33"
"VVQQ073R072710","V-26_HY","VVT_F5","2026-08-12","1050.00000","","2026-08-12 21:28:37"
"VVQQ073R072714","V-26_HY","VVT_F5","2026-08-12","1047.00000","","2026-08-12 18:02:25"
"VVQQ093R072726","V-26_HY","VVT_F5","2026-08-12","1058.00000","","2026-08-12 18:03:47"
"VVQQ103R072714","V-26_HY","VVT_F5","2026-08-12","1056.00000","","2026-08-12 11:34:10"
"VVQQ103R072727","V-26_HY","VVT_F5","2026-08-12","1055.00000","","2026-08-12 21:12:03"
"VVQQ052R710622","V-26","VVT_F1","2026-08-13","1963.99997","1","2026-08-13 18:52:46"
"VVQQ073R072733","V-26","VVT_F1","2026-08-13","1068.00000","","2026-08-14 06:28:31"
"VVQQ113R060649","V-26","VVT_F1","2026-08-13","497.00000","1","2026-08-14 01:46:44"
"VVQQ113R060650","V-26","VVT_F1","2026-08-13","494.00000","","2026-08-13 17:51:56"
"VVQQ113R060654","V-26","VVT_F1","2026-08-13","500.00000","1","2026-08-14 02:35:25"
"VVQQ113R060658","V-26","VVT_F1","2026-08-13","500.00000","1","2026-08-14 02:41:58"
"VVQQ143R060658","V-26","VVT_F1","2026-08-13","493.00000","1","2026-08-13 19:34:14"
"VVQQ143R060662","V-26","VVT_F1","2026-08-13","493.00000","1","2026-08-13 16:58:37"
"VVQQ143R060680","V-26","VVT_F1","2026-08-13","500.00000","1","2026-08-13 23:13:29"
"VVQQ143R060681","V-26","VVT_F1","2026-08-13","497.00000","1","2026-08-13 20:56:58"
"VVQQ143R060682","V-26","VVT_F1","2026-08-13","500.00000","1","2026-08-13 16:59:08"
"VVQQ143R060683","V-26","VVT_F1","2026-08-13","500.00000","1","2026-08-13 11:14:30"
"VVQQ143R060685","V-26","VVT_F1","2026-08-13","500.00000","1","2026-08-13 11:13:44"
"VVQQ143R060688","V-26","VVT_F1","2026-08-13","497.00000","1","2026-08-13 20:56:36"
"VVQQ143R060690","V-26","VVT_F1","2026-08-13","497.00000","1","2026-08-14 01:45:02"
"VVQQ143R060695","V-26","VVT_F1","2026-08-13","497.00000","1","2026-08-13 19:27:18"
"VVQQ143R060696","V-26","VVT_F1","2026-08-13","500.00000","1","2026-08-13 15:54:48"
"VVQQ143R060697","V-26","VVT_F1","2026-08-13","497.00000","1","2026-08-14 01:45:54"
"VVQQ143R060698","V-26","VVT_F1","2026-08-13","497.00000","1","2026-08-13 20:57:20"
"VVQQ153R060641","V-26","VVT_F1","2026-08-13","497.00000","1","2026-08-14 01:45:28"
"VVQQ153R060643","V-26","VVT_F1","2026-08-13","500.00000","1","2026-08-13 11:14:14"
"VVQQ153R060645","V-26","VVT_F1","2026-08-13","497.00000","1","2026-08-13 16:58:58"
"VVQQ153R0606A0","V-26","VVT_F1","2026-08-13","500.00000","1","2026-08-13 16:58:48"
"VVQQ153R0606A3","V-26","VVT_F1","2026-08-13","494.00000","1","2026-08-13 19:27:35"
"VVQQ153R0606A4","V-26","VVT_F1","2026-08-13","500.00000","1","2026-08-13 11:13:55"
"VVQQ153R0606A5","V-26","VVT_F1","2026-08-13","497.00000","1","2026-08-13 17:51:54"
"VVQQ153R0606A6","V-26","VVT_F1","2026-08-13","497.00000","1","2026-08-13 17:51:45"
"VVQQ153R0606A7","V-26","VVT_F1","2026-08-13","500.00000","1","2026-08-13 11:14:05"
"VVQQ153R0606A8","V-26","VVT_F1","2026-08-13","497.00000","1","2026-08-14 01:46:20"
"VVQQ153R0606AA","V-26","VVT_F1","2026-08-13","485.00000","1","2026-08-15 19:24:48"
"VVQQ153R0606AG","V-26","VVT_F1","2026-08-13","497.00000","1","2026-08-13 23:01:47"
"VVQQ153R0606AM","V-26","VVT_F1","2026-08-13","500.00000","1","2026-08-13 14:49:13"
"VVQQ173R060619","V-26","VVT_F1","2026-08-13","498.00000","1","2026-08-14 12:29:42"
"VVQQ173R060622","V-26","VVT_F1","2026-08-13","500.00000","1","2026-08-13 15:54:24"
"VVQQ173R060675","V-26","VVT_F1","2026-08-13","500.00000","1","2026-08-13 15:54:03"
"VVQQ173R060677","V-26","VVT_F1","2026-08-13","500.00000","1","2026-08-13 15:54:35"
"VVQQ173R060678","V-26","VVT_F1","2026-08-13","494.00000","1","2026-08-13 20:57:35"
"VVQQ193R060601","V-26","VVT_F1","2026-08-13","500.00000","1","2026-08-13 15:54:13"
"VVQQ193R060602","V-26","VVT_F1","2026-08-13","500.00000","1","2026-08-13 23:03:04"
"VVQO153R072712","V-26_BG","VVT_F5","2026-08-13","1074.00000","1","2026-08-13 10:48:44"
"VVQO153R072714","V-26_BG","VVT_F5","2026-08-13","1070.99999","1","2026-08-13 12:17:51"
"VVQO153R072727","V-26_BG","VVT_F5","2026-08-13","1073.00000","1","2026-08-13 16:51:19"
"VVQO163R072709","V-26_BG","VVT_F5","2026-08-13","1057.00000","1","2026-08-13 16:06:04"
"VVQO173R072751","V-26_BG","VVT_F5","2026-08-13","1039.00000","1","2026-08-13 18:55:53"
"VVQO183R072714","V-26_BG","VVT_F5","2026-08-13","1064.00000","1","2026-08-13 13:46:20"
"VVQO183R072716","V-26_BG","VVT_F5","2026-08-13","1064.00000","1","2026-08-13 16:14:42"
"VVQO193R072713","V-26_BG","VVT_F5","2026-08-13","1061.99990","1","2026-08-13 10:59:37"
"VVQO193R072734","V-26_BG","VVT_F5","2026-08-13","1034.99999","1","2026-08-13 16:52:16"
"VVQO193R072761","V-26_BG","VVT_F5","2026-08-13","1051.00000","1","2026-08-13 15:43:09"
"VVQQ053R072724","V-26","VVT_F5","2026-08-13","1068.00000","1","2026-08-13 16:27:07"
"VVQQ053R072725","V-26","VVT_F5","2026-08-13","1071.00000","1","2026-08-13 16:27:33"
"VVQQ053R072726","V-26","VVT_F5","2026-08-13","1065.00000","1","2026-08-13 16:26:50"
"VVQQ053R072727","V-26","VVT_F5","2026-08-13","1065.00000","1","2026-08-13 18:37:14"
"VVQQ063R072705","V-26_HY","VVT_F5","2026-08-13","1053.00000","1","2026-08-13 18:22:34"
"VVQQ073R072701","V-26","VVT_F5","2026-08-13","1064.00000","1","2026-08-13 16:26:35"
"VVQQ073R072718","V-26","VVT_F5","2026-08-13","1074.00000","1","2026-08-13 18:36:21"
"VVQQ073R072727","V-26","VVT_F5","2026-08-13","1067.00000","1","2026-08-13 18:35:36"
"VVQQ073R072729","V-26","VVT_F5","2026-08-13","1067.00000","1","2026-08-13 10:18:38"
"VVQQ173R060605","V-26","VVT_F1","2026-08-14","500.00000","1","2026-08-14 20:44:53"
"VVQQ173R060606","V-26","VVT_F1","2026-08-14","492.00000","1","2026-08-14 23:33:29"
"VVQQ173R060607","V-26","VVT_F1","2026-08-14","497.00000","1","2026-08-14 20:39:10"
"VVQQ173R060609","V-26","VVT_F1","2026-08-14","497.00000","1","2026-08-14 20:47:58"
"VVQQ173R060610","V-26","VVT_F1","2026-08-14","500.00000","1","2026-08-14 12:35:25"
"VVQQ173R060612","V-26","VVT_F1","2026-08-14","500.00000","1","2026-08-15 02:57:43"
"VVQQ173R060613","V-26","VVT_F1","2026-08-14","493.00000","1","2026-08-15 02:58:08"
"VVQQ173R060614","V-26","VVT_F1","2026-08-14","500.00000","1","2026-08-14 12:35:10"
"VVQQ173R060615","V-26","VVT_F1","2026-08-14","494.00000","1","2026-08-15 01:37:30"
"VVQQ173R060617","V-26","VVT_F1","2026-08-14","500.00000","1","2026-08-14 12:36:11"
"VVQQ173R060618","V-26","VVT_F1","2026-08-14","497.00000","1","2026-08-14 15:31:45"
"VVQQ173R060620","V-26","VVT_F1","2026-08-14","500.00000","1","2026-08-14 20:44:42"
"VVQQ173R060621","V-26","VVT_F1","2026-08-14","500.00000","1","2026-08-14 12:38:15"
"VVQQ173R060672","V-26","VVT_F1","2026-08-14","497.00000","1","2026-08-14 15:32:04"
"VVQQ173R060682","V-26","VVT_F1","2026-08-14","497.00000","1","2026-08-14 17:42:53"
"VVQQ063R072730","V-26","VVT_F5","2026-08-14","1071.00000","1","2026-08-14 18:55:00"
"VVQQ073R072702","V-26","VVT_F5","2026-08-14","1065.00000","1","2026-08-14 18:54:20"
"VVQQ073R072720","V-26","VVT_F5","2026-08-14","1073.00000","1","2026-08-14 18:55:18"
"VVQQ073R072731","V-26","VVT_F5","2026-08-14","1066.00000","1","2026-08-14 18:59:02"
"VVQQ073R072732","V-26","VVT_F5","2026-08-14","1066.00000","1","2026-08-14 16:28:00"
"VVQQ083R072708","V-26","VVT_F5","2026-08-14","1073.00000","1","2026-08-14 18:36:47"
"VVQQ093R072715","V-26","VVT_F5","2026-08-14","1064.00000","1","2026-08-14 18:54:41"
"VVQQ103R072713","V-26_HY","VVT_F5","2026-08-14","1065.00000","1","2026-08-14 21:02:58"
"VVQQ103R072724","V-26_HY","VVT_F5","2026-08-14","1060.00000","1","2026-08-14 10:56:02"
"VVQQ103R072725","V-26_HY","VVT_F5","2026-08-14","1051.00000","1","2026-08-14 18:55:18"
"VVQQ103R072726","V-26_HY","VVT_F5","2026-08-14","1055.00000","1","2026-08-14 10:57:04"
"VVQQ113R060664","V-26","VVT_F5","2026-08-14","500.00000","1","2026-08-14 18:01:01"
"VVQQ113R072715","V-26_HY","VVT_F5","2026-08-14","1050.00000","1","2026-08-14 17:16:55"
"VVQQ113R072716","V-26_HY","VVT_F5","2026-08-14","1053.00000","1","2026-08-14 15:01:13"
"VVQQ113R072717","V-26_HY","VVT_F5","2026-08-14","1043.00000","1","2026-08-14 21:55:52"
"VVQQ113R072724","V-26_HY","VVT_F5","2026-08-14","1055.00000","1","2026-08-14 17:08:01"
"VVQQ123R072718","V-26_HY","VVT_F5","2026-08-14","1045.00000","1","2026-08-14 13:10:57"
"VVQQ123R072719","V-26_HY","VVT_F5","2026-08-14","1049.00000","1","2026-08-14 15:07:21"
"VVQQ123R072726","V-26_HY","VVT_F5","2026-08-14","1055.00000","1","2026-08-14 15:08:06"
"VVQQ123R072727","V-26_HY","VVT_F5","2026-08-14","1050.00000","1","2026-08-14 21:26:02"
"VVQQ123R072732","V-26_HY","VVT_F5","2026-08-14","1059.00000","1","2026-08-14 20:29:04"
"VVQQ123R072733","V-26_HY","VVT_F5","2026-08-14","1051.00000","1","2026-08-14 17:54:58"
"VVQQ133R060618","V-26","VVT_F5","2026-08-14","500.00000","1","2026-08-14 15:37:24"
"VVQQ133R060627","V-26","VVT_F5","2026-08-14","494.00000","1","2026-08-14 20:38:30"
"VVQQ133R060628","V-26","VVT_F5","2026-08-14","497.00000","1","2026-08-14 20:40:48"
"VVQQ133R060640","V-26","VVT_F5","2026-08-14","491.00000","1","2026-08-14 18:45:40"
"VVQQ133R072717","V-26_HY","VVT_F5","2026-08-14","1008.00000","1","2026-08-14 14:41:53"
"VVQQ133R072719","V-26_HY","VVT_F5","2026-08-14","1055.00000","1","2026-08-14 14:15:38"
"VVQQ133R072720","V-26_HY","VVT_F5","2026-08-14","1036.00000","1","2026-08-14 16:51:48"
"VVQQ133R072727","V-26_HY","VVT_F5","2026-08-14","1059.00000","1","2026-08-14 15:05:26"
"VVQQ143R060699","V-26","VVT_F5","2026-08-14","500.00000","1","2026-08-14 13:21:20"
"VVQQ143R072709","V-26_HY","VVT_F5","2026-08-14","1054.00000","1","2026-08-14 17:26:39"
"VVQQ143R072715","V-26_HY","VVT_F5","2026-08-14","996.00000","1","2026-08-14 14:42:29"
"VVQQ153R060642","V-26","VVT_F5","2026-08-14","500.00000","1","2026-08-14 13:20:38"
"VVQQ153R060644","V-26","VVT_F5","2026-08-14","497.00000","1","2026-08-14 13:25:11"
"VVQQ153R060651","V-26","VVT_F5","2026-08-14","500.00000","1","2026-08-14 12:35:38"
"VVQQ153R060652","V-26","VVT_F5","2026-08-14","500.00000","1","2026-08-14 18:00:26"
"VVQQ153R06069Z","V-26","VVT_F5","2026-08-14","500.00000","1","2026-08-14 18:15:39"
"VVQQ153R0606A1","V-26","VVT_F5","2026-08-14","500.00000","1","2026-08-14 13:25:01"
"VVQQ153R0606A2","V-26","VVT_F5","2026-08-14","497.00000","1","2026-08-14 18:00:37"
"VVQQ153R0606AB","V-26","VVT_F5","2026-08-14","497.00000","1","2026-08-14 23:34:30"
"VVQQ153R0606AC","V-26","VVT_F5","2026-08-14","500.00000","1","2026-08-14 11:36:56"
"VVQQ153R0606AD","V-26","VVT_F5","2026-08-14","497.00000","1","2026-08-14 23:34:04"
"VVQQ153R0606AF","V-26","VVT_F5","2026-08-14","495.00000","1","2026-08-14 13:16:48"
"VVQQ153R0606AH","V-26","VVT_F5","2026-08-14","497.00000","1","2026-08-14 23:32:58"
"VVQQ153R0606AL","V-26","VVT_F5","2026-08-14","500.00000","1","2026-08-14 15:37:42"
"VVQQ153R0606AN","V-26","VVT_F5","2026-08-14","500.00000","1","2026-08-14 17:43:06"
"VVQQ173R060601","V-26","VVT_F5","2026-08-14","497.00000","1","2026-08-14 20:39:35"
"VVQQ173R060602","V-26","VVT_F5","2026-08-14","497.00000","1","2026-08-14 12:58:29"
"VVQQ173R060604","V-26","VVT_F5","2026-08-14","497.00000","1","2026-08-14 11:37:13"
"VVQQ083R072711","V-26","VVT_F1","2026-08-15","1073.00000","","2026-08-15 09:04:45"
"VVQQ093R072710","V-26","VVT_F1","2026-08-15","1065.00000","","2026-08-15 09:02:23"
"VVQQ093R072711","V-26","VVT_F1","2026-08-15","1067.00000","","2026-08-15 17:05:20"
"VVQQ103R072702","V-26","VVT_F1","2026-08-15","1065.00000","","2026-08-16 06:01:49"
"VVQQ103R072704","V-26","VVT_F1","2026-08-15","1071.00000","","2026-08-16 06:02:06"
"VVQQ103R072719","V-26","VVT_F1","2026-08-15","1068.00000","","2026-08-15 09:05:11"
"VVQQ123R072708","V-26","VVT_F1","2026-08-15","1070.00000","","2026-08-16 06:00:56"
"VVQQ133R060651","V-26","VVT_F1","2026-08-15","500.00000","1","2026-08-15 16:18:23"
"VVQQ133R060654","V-26","VVT_F1","2026-08-15","500.00000","1","2026-08-15 16:25:38"
"VVQQ133R060658","V-26","VVT_F1","2026-08-15","500.00000","1","2026-08-15 23:35:37"
"VVQQ133R060660","V-26","VVT_F1","2026-08-15","500.00000","1","2026-08-15 16:18:00"
"VVQQ133R060661","V-26","VVT_F1","2026-08-15","500.00000","1","2026-08-15 20:43:06"
"VVQQ133R060662","V-26","VVT_F1","2026-08-15","500.00000","1","2026-08-17 16:38:02"
"VVQQ133R060666","V-26","VVT_F1","2026-08-15","500.00000","1","2026-08-15 20:43:52"
"VVQQ133R060668","V-26","VVT_F1","2026-08-15","500.00000","1","2026-08-16 01:50:17"
"VVQQ133R060669","V-26","VVT_F1","2026-08-15","497.00000","1","2026-08-15 16:17:51"
"VVQQ133R060670","V-26","VVT_F1","2026-08-15","497.00000","1","2026-08-15 20:43:43"
"VVQQ133R060672","V-26","VVT_F1","2026-08-15","494.00000","1","2026-08-16 14:05:18"
"VVQQ133R060673","V-26","VVT_F1","2026-08-15","497.00000","1","2026-08-15 22:42:31"
"VVQQ133R060675","V-26","VVT_F1","2026-08-15","494.00000","1","2026-08-16 13:43:52"
"VVQQ133R060676","V-26","VVT_F1","2026-08-15","497.00000","1","2026-08-15 21:12:08"
"VVQQ133R060677","V-26","VVT_F1","2026-08-15","494.00000","1","2026-08-15 20:44:27"
"VVQQ133R060680","V-26","VVT_F1","2026-08-15","494.00000","1","2026-08-16 01:50:31"
"VVQQ133R060681","V-26","VVT_F1","2026-08-15","497.00000","1","2026-08-15 22:42:12"
"VVQQ133R060683","V-26","VVT_F1","2026-08-15","497.00000","1","2026-08-15 23:34:58"
"VVQQ133R060684","V-26","VVT_F1","2026-08-15","497.00000","1","2026-08-15 20:44:54"
"VVQQ133R060685","V-26","VVT_F1","2026-08-15","497.00000","1","2026-08-16 00:40:24"
"VVQQ133R060686","V-26","VVT_F1","2026-08-15","497.00000","1","2026-08-15 16:18:14"
"VVQQ133R060687","V-26","VVT_F1","2026-08-15","497.00000","1","2026-08-16 13:45:00"
"VVQQ133R060688","V-26","VVT_F1","2026-08-15","497.00000","1","2026-08-17 16:39:21"
"VVQQ133R060691","V-26","VVT_F1","2026-08-15","500.00000","1","2026-08-17 17:14:50"
"VVQQ133R060692","V-26","VVT_F1","2026-08-15","500.00000","","2026-08-15 20:08:56"
"VVQQ153R060646","V-26","VVT_F1","2026-08-15","500.00000","1","2026-08-15 11:30:22"
"VVQQ153R060647","V-26","VVT_F1","2026-08-15","500.00000","1","2026-08-15 13:15:18"
"VVQQ153R060648","V-26","VVT_F1","2026-08-15","484.99999","1","2026-08-15 13:15:47"
"VVQQ153R060649","V-26","VVT_F1","2026-08-15","500.00000","1","2026-08-15 11:31:00"
"VVQQ153R060650","V-26","VVT_F1","2026-08-15","500.00000","1","2026-08-15 13:14:43"
"VVQQ153R0606A9","V-26","VVT_F1","2026-08-15","497.00000","1","2026-08-15 19:24:33"
"VVQQ153R0606AE","V-26","VVT_F1","2026-08-15","500.00000","1","2026-08-15 13:16:15"
"VVQQ153R0606AI","V-26","VVT_F1","2026-08-15","500.00000","1","2026-08-15 11:30:48"
"VVQQ153R0606AJ","V-26","VVT_F1","2026-08-15","497.00000","1","2026-08-15 13:15:07"
"VVQQ153R0606AK","V-26","VVT_F1","2026-08-15","490.99999","1","2026-08-15 09:39:55"
"VVQQ173R060603","V-26","VVT_F1","2026-08-15","500.00000","1","2026-08-15 11:30:37"
"VVQQ173R060608","V-26","VVT_F1","2026-08-15","497.00000","1","2026-08-16 01:50:00"
"VVQQ173R060611","V-26","VVT_F1","2026-08-15","497.00000","1","2026-08-15 13:17:04"
"VVQQ173R060616","V-26","VVT_F1","2026-08-15","500.00000","1","2026-08-15 13:15:32"
"VVQQ173R060667","V-26","VVT_F1","2026-08-15","497.00000","1","2026-08-15 20:44:02"
"VVQQ173R060668","V-26","VVT_F1","2026-08-15","495.00000","1","2026-08-16 00:40:37"
"VVQQ173R060669","V-26","VVT_F1","2026-08-15","500.00000","1","2026-08-15 11:31:25"
"VVQQ173R060670","V-26","VVT_F1","2026-08-15","497.00000","1","2026-08-15 20:43:30"
"VVQQ173R060671","V-26","VVT_F1","2026-08-15","500.00000","1","2026-08-15 20:44:45"
"VVQQ173R060673","V-26","VVT_F1","2026-08-15","500.00000","1","2026-08-15 16:25:49"
"VVQQ173R060674","V-26","VVT_F1","2026-08-15","500.00000","1","2026-08-15 16:25:23"
"VVQQ173R060676","V-26","VVT_F1","2026-08-15","497.00000","1","2026-08-15 13:14:56"
"VVQQ173R060679","V-26","VVT_F1","2026-08-15","500.00000","1","2026-08-15 09:33:49"
"VVQQ173R060680","V-26","VVT_F1","2026-08-15","497.00000","1","2026-08-15 20:45:02"
"VVQQ173R060681","V-26","VVT_F1","2026-08-15","500.00000","1","2026-08-15 23:35:17"
"VVQO173R072761","V-26_BG","VVT_F5","2026-08-15","1057.99937","1","2026-08-15 17:30:32"
"VVQO193R072708","V-26_BG","VVT_F5","2026-08-15","1067.00000","1","2026-08-15 15:44:21"
"VVQO193R072748","V-26_BG","VVT_F5","2026-08-15","1067.99990","1","2026-08-15 12:47:43"
"VVQQ033R072710","V-26","VVT_F5","2026-08-15","1074.00000","1","2026-08-15 17:04:36"
"VVQQ063R072709","V-26","VVT_F5","2026-08-15","1074.00000","1","2026-08-15 17:05:38"
"VVQQ063R072712","V-26","VVT_F5","2026-08-15","1074.00000","1","2026-08-15 19:01:49"
"VVQQ063R072732","V-26","VVT_F5","2026-08-15","1069.00000","1","2026-08-15 19:01:23"
"VVQQ063R072733","V-26","VVT_F5","2026-08-15","1064.00000","1","2026-08-15 20:54:03"
"VVQQ083R072703","V-26","VVT_F5","2026-08-15","1067.00000","1","2026-08-15 20:53:45"
"VVQQ083R072707","V-26","VVT_F5","2026-08-15","1067.00000","1","2026-08-15 16:01:18"
"VVQQ083R072709","V-26","VVT_F5","2026-08-15","1073.00000","1","2026-08-15 17:05:01"
"VVQQ123R072734","V-26_HY","VVT_F5","2026-08-15","1055.00000","1","2026-08-15 13:45:00"
"VVQQ133R072723","V-26_HY","VVT_F5","2026-08-15","1049.00000","1","2026-08-15 18:23:10"
"VVQQ133R072734","V-26_HY","VVT_F5","2026-08-15","1057.00000","1","2026-08-15 14:04:11"
"VVQQ143R072710","V-26_HY","VVT_F5","2026-08-15","1044.00000","1","2026-08-15 18:21:31"
"VVQQ143R072711","V-26_HY","VVT_F5","2026-08-15","1049.00000","1","2026-08-15 12:23:51"
"VVQQ143R072712","V-26_HY","VVT_F5","2026-08-15","1055.00000","1","2026-08-15 18:19:20"
"VVQQ143R072716","V-26_HY","VVT_F5","2026-08-15","1052.00000","1","2026-08-15 13:51:19"
"VVQQ143R072719","V-26_HY","VVT_F5","2026-08-15","1060.00000","1","2026-08-15 17:20:07"
"VVQQ143R072720","V-26_HY","VVT_F5","2026-08-15","1056.00000","1","2026-08-15 15:26:29"
"VVQQ143R072730","V-26_HY","VVT_F5","2026-08-15","1052.00000","1","2026-08-15 14:03:27"
"VVQQ153R072708","V-26_HY","VVT_F5","2026-08-15","1068.00000","1","2026-08-15 15:46:55"
"VVQO153R072722","V-26_BG","VVT_F1","2026-08-16","1073.00000","","2026-08-16 10:17:36"
"VVQQ103R072717","V-26","VVT_F1","2026-08-16","1072.00000","","2026-08-16 16:38:34"
"VVQQ123R060632","V-26","VVT_F1","2026-08-16","500.00000","1","2026-08-16 14:07:37"
"VVQQ123R060634","V-26","VVT_F1","2026-08-16","497.00000","1","2026-08-16 14:15:35"
"VVQQ123R060635","V-26","VVT_F1","2026-08-16","497.00000","1","2026-08-16 14:07:52"
"VVQQ123R060636","V-26","VVT_F1","2026-08-16","497.00000","1","2026-08-16 14:08:10"
"VVQQ133R060671","V-26","VVT_F1","2026-08-16","495.00000","1","2026-08-16 13:45:32"
"VVQQ133R060689","V-26","VVT_F1","2026-08-16","494.00000","1","2026-08-16 14:14:55"
"VVQQ133R060693","V-26","VVT_F1","2026-08-16","500.00000","1","2026-08-17 11:27:04"
"VVQQ133R060694","V-26","VVT_F1","2026-08-16","500.00000","1","2026-08-16 14:14:39"
"VVQQ133R060695","V-26","VVT_F1","2026-08-16","500.00000","1","2026-08-16 13:45:49"
"VVQQ133R060697","V-26","VVT_F1","2026-08-16","500.00000","1","2026-08-16 14:00:05"
"VVQQ133R060698","V-26","VVT_F1","2026-08-16","500.00000","1","2026-08-16 14:13:29"
"VVQQ133R060699","V-26","VVT_F1","2026-08-16","500.00000","1","2026-08-16 13:43:38"
"VVQO153R072709","V-26_BG","VVT_F5","2026-08-16","1067.99999","1","2026-08-16 16:47:47"
"VVQO153R072719","V-26_BG","VVT_F5","2026-08-16","1073.00000","1","2026-08-16 10:17:54"
"VVQO153R072728","V-26_BG","VVT_F5","2026-08-16","1073.00000","1","2026-08-16 18:55:11"
"VVQO183R072760","V-26_BG","VVT_F5","2026-08-16","1048.00000","1","2026-08-16 15:53:30"
"VVQO193R072768","V-26_BG","VVT_F5","2026-08-16","1061.00000","1","2026-08-16 21:00:07"
"VVQQ083R072704","V-26","VVT_F5","2026-08-16","1066.00000","1","2026-08-16 21:14:55"
"VVQQ093R072708","V-26","VVT_F5","2026-08-16","1065.00000","1","2026-08-16 21:13:59"
"VVQQ093R072716","V-26","VVT_F5","2026-08-16","1065.00000","1","2026-08-16 21:14:29"
"VVQQ093R072718","V-26","VVT_F5","2026-08-16","1059.00000","1","2026-08-16 21:15:13"
"VVQQ103R072701","V-26","VVT_F5","2026-08-16","1065.00000","1","2026-08-16 16:38:15"
"VVQQ123R060624","V-26","VVT_F5","2026-08-16","500.00000","1","2026-08-16 14:06:12"
"VVQQ123R060625","V-26","VVT_F5","2026-08-16","500.00000","1","2026-08-16 14:06:52"
"VVQQ123R060626","V-26","VVT_F5","2026-08-16","500.00000","1","2026-08-16 16:08:42"
"VVQQ123R060627","V-26","VVT_F5","2026-08-16","500.00000","1","2026-08-16 14:07:13"
"VVQQ123R060628","V-26","VVT_F5","2026-08-16","500.00000","1","2026-08-16 14:15:18"
"VVQQ123R060629","V-26","VVT_F5","2026-08-16","500.00000","1","2026-08-16 14:06:32"
"VVQQ123R060630","V-26","VVT_F5","2026-08-16","500.00000","1","2026-08-16 14:15:48"
"VVQQ123R060631","V-26","VVT_F5","2026-08-16","500.00000","1","2026-08-16 14:13:54"
"VVQQ143R072722","V-26_HY","VVT_F5","2026-08-16","1057.00000","1","2026-08-16 19:29:44"
"VVQQ143R072728","V-26_HY","VVT_F5","2026-08-16","1058.00000","1","2026-08-16 15:52:44"
"VVQQ153R072707","V-26_HY","VVT_F5","2026-08-16","1057.00000","1","2026-08-16 20:43:27"
"VVQQ153R072723","V-26_HY","VVT_F5","2026-08-16","1052.00000","1","2026-08-16 16:47:48"
"VVQQ153R072724","V-26_HY","VVT_F5","2026-08-16","1059.00000","1","2026-08-16 14:30:13"
"VVQQ153R072730","V-26_HY","VVT_F5","2026-08-16","1052.00000","1","2026-08-16 18:51:51"
"VVQQ153R072733","V-26_HY","VVT_F5","2026-08-16","1059.00000","1","2026-08-16 11:22:47"
"VVQQ163R072701","V-26_HY","VVT_F5","2026-08-16","1050.00000","1","2026-08-16 17:02:42"
"VVQQ163R072704","V-26_HY","VVT_F5","2026-08-16","1060.00000","1","2026-08-16 14:30:31"
"VVQQ083R072706","V-26","VVT_F1","2026-08-17","1066.00000","","2026-08-17 21:53:55"
"VVQQ093R072701","V-26","VVT_F1","2026-08-17","1074.00000","","2026-08-17 09:14:29"
"VVQQ093R072702","V-26","VVT_F1","2026-08-17","1073.00000","","2026-08-17 08:37:52"
"VVQQ093R072709","V-26","VVT_F1","2026-08-17","1065.00000","","2026-08-17 18:44:49"
"VVQQ093R072713","V-26","VVT_F1","2026-08-17","1066.00000","","2026-08-17 21:53:23"
"VVQQ093R072714","V-26","VVT_F1","2026-08-17","1066.00000","","2026-08-18 07:38:59"
"VVQQ093R072717","V-26","VVT_F1","2026-08-17","1066.00000","","2026-08-17 08:37:22"
"VVQQ103R072718","V-26","VVT_F1","2026-08-17","1074.00000","","2026-08-17 08:38:14"
"VVQQ113R072706","V-26","VVT_F1","2026-08-17","1066.00000","","2026-08-18 07:38:39"
"VVQQ113R072707","V-26","VVT_F1","2026-08-17","1067.00000","","2026-08-17 18:44:22"
"VVQQ123R060633","V-26","VVT_F1","2026-08-17","497.00000","1","2026-08-17 14:10:18"
"VVQQ123R060637","V-26","VVT_F1","2026-08-17","493.00000","1","2026-08-17 13:03:53"
"VVQQ123R060638","V-26","VVT_F1","2026-08-17","493.00000","1","2026-08-18 03:34:00"
"VVQQ123R060639","V-26","VVT_F1","2026-08-17","497.00000","1","2026-08-17 17:16:09"
"VVQQ123R060640","V-26","VVT_F1","2026-08-17","497.00000","1","2026-08-17 23:44:19"
"VVQQ123R060641","V-26","VVT_F1","2026-08-17","494.00000","1","2026-08-17 19:20:22"
"VVQQ123R060642","V-26","VVT_F1","2026-08-17","489.00000","1","2026-08-17 18:08:27"
"VVQQ123R060643","V-26","VVT_F1","2026-08-17","494.00000","1","2026-08-17 20:03:15"
"VVQQ133R06069A","V-26","VVT_F1","2026-08-17","500.00000","1","2026-08-17 18:08:46"
"VVQQ133R06069B","V-26","VVT_F1","2026-08-17","500.00000","1","2026-08-17 17:16:40"
"VVQQ133R06069D","V-26","VVT_F1","2026-08-17","500.00000","1","2026-08-17 17:13:27"
"VVQQ143R072701","V-26","VVT_F1","2026-08-17","1065.00000","","2026-08-18 07:37:55"
"VVQQ143R072702","V-26","VVT_F1","2026-08-17","1065.00000","","2026-08-18 07:31:24"
"VVQQ143R072704","V-26","VVT_F1","2026-08-17","1065.00000","","2026-08-17 21:52:37"
"VVQQ153R060653","V-26","VVT_F1","2026-08-17","497.00000","1","2026-08-18 11:12:11"
"VVQQ153R060659","V-26","VVT_F1","2026-08-17","497.00000","1","2026-08-18 18:50:33"
"VVQQ153R060660","V-26","VVT_F1","2026-08-17","497.00000","","2026-08-18 06:42:43"
"VVQQ153R060664","V-26","VVT_F1","2026-08-17","497.00000","","2026-08-18 04:44:53"
"VVQQ153R060666","V-26","VVT_F1","2026-08-17","497.00000","1","2026-08-18 07:01:31"
"VVQQ153R060669","V-26","VVT_F1","2026-08-17","497.00000","1","2026-08-18 18:50:17"
"VVQQ153R060670","V-26","VVT_F1","2026-08-17","499.00000","1","2026-08-17 23:45:02"
"VVQQ153R060680","V-26","VVT_F1","2026-08-17","499.00000","1","2026-08-18 03:34:40"
"VVQQ153R060681","V-26","VVT_F1","2026-08-17","499.00000","1","2026-08-17 23:44:52"
"VVQQ153R060682","V-26","VVT_F1","2026-08-17","499.00000","1","2026-08-18 03:34:10"
"VVQQ153R060683","V-26","VVT_F1","2026-08-17","497.00000","1","2026-08-17 23:44:42"
"VVQQ153R060684","V-26","VVT_F1","2026-08-17","497.00000","1","2026-08-18 07:02:04"
"VVQQ153R060685","V-26","VVT_F1","2026-08-17","499.00000","1","2026-08-17 20:02:23"
"VVQQ153R060686","V-26","VVT_F1","2026-08-17","499.00000","1","2026-08-18 03:34:51"
"VVQQ153R060687","V-26","VVT_F1","2026-08-17","499.00000","1","2026-08-17 21:02:51"
"VVQQ153R060688","V-26","VVT_F1","2026-08-17","499.00000","1","2026-08-17 21:17:57"
"VVQQ153R060689","V-26","VVT_F1","2026-08-17","499.00000","","2026-08-17 19:12:08"
"VVQQ153R060690","V-26","VVT_F1","2026-08-17","499.00000","1","2026-08-17 20:03:49"
"VVQQ153R06069B","V-26","VVT_F1","2026-08-17","500.00000","1","2026-08-17 23:45:13"
"VVQQ153R06069C","V-26","VVT_F1","2026-08-17","500.00000","1","2026-08-18 03:34:29"
"VVQQ153R06069M","V-26","VVT_F1","2026-08-17","500.00000","1","2026-08-18 07:01:42"
"VVQQ153R06069O","V-26","VVT_F1","2026-08-17","497.00000","1","2026-08-18 03:35:02"
"VVQQ153R06069Q","V-26","VVT_F1","2026-08-17","497.00000","1","2026-08-18 07:01:19"
"VVQQ153R06069R","V-26","VVT_F1","2026-08-17","497.00000","1","2026-08-18 03:34:20"
"VVQQ153R06069S","V-26","VVT_F1","2026-08-17","497.00000","1","2026-08-18 07:01:52"
"VVQQ153R06069T","V-26","VVT_F1","2026-08-17","497.00000","1","2026-08-17 21:02:34"
"VVQQ153R06069U","V-26","VVT_F1","2026-08-17","497.00000","1","2026-08-17 19:19:56"
"VVQQ153R06069V","V-26","VVT_F1","2026-08-17","497.00000","1","2026-08-18 03:35:16"
"VVQQ153R06069X","V-26","VVT_F1","2026-08-17","494.00000","1","2026-08-17 18:09:09"
"VVQQ153R06069Y","V-26","VVT_F1","2026-08-17","497.00000","1","2026-08-17 17:14:10"
"VVQQ163R072721","V-26","VVT_F1","2026-08-17","1064.00000","","2026-08-18 07:38:21"
"VVQN033R072790","V-26_BG","VVT_F5","2026-08-17","352.00000","1","2026-08-17 21:16:14"
"VVQO153R072711","V-26_BG","VVT_F5","2026-08-17","1073.00000","1","2026-08-17 17:14:48"
"VVQO153R072720","V-26_BG","VVT_F5","2026-08-17","1073.00000","1","2026-08-17 18:15:12"
"VVQO163R072712","V-26_BG","VVT_F5","2026-08-17","1065.00000","1","2026-08-17 17:10:38"
"VVQO173R072705","V-26_BG","VVT_F5","2026-08-17","1059.99995","1","2026-08-17 19:44:21"
"VVQO173R072718","V-26_BG","VVT_F5","2026-08-17","1067.00000","1","2026-08-17 18:34:55"
"VVQO173R072735","V-26_BG","VVT_F5","2026-08-17","1065.00000","1","2026-08-17 17:19:09"
"VVQO183R072712","V-26_BG","VVT_F5","2026-08-17","1065.99999","1","2026-08-17 17:39:48"
"VVQO183R072717","V-26_BG","VVT_F5","2026-08-17","1068.00000","1","2026-08-17 18:15:03"
"VVQO183R072769","V-26_BG","VVT_F5","2026-08-17","1052.00000","1","2026-08-17 19:02:44"
"VVQO183R072770","V-26_BG","VVT_F5","2026-08-17","1039.00000","1","2026-08-17 15:25:55"
"VVQO193R072725","V-26_BG","VVT_F5","2026-08-17","1032.99999","1","2026-08-17 11:56:22"
"VVQO193R072749","V-26_BG","VVT_F5","2026-08-17","1062.00000","1","2026-08-17 12:57:37"
"VVQO193R072767","V-26_BG","VVT_F5","2026-08-17","1062.00000","1","2026-08-17 17:21:21"
"VVQO203R072711","V-26_BG","VVT_F5","2026-08-17","1067.00000","1","2026-08-17 19:43:29"
"VVQO203R072758","V-26_BG","VVT_F5","2026-08-17","1055.00000","1","2026-08-17 17:20:19"
"VVQQ083R072725","V-26_HY","VVT_F5","2026-08-17","1060.00000","1","2026-08-17 12:20:58"
"VVQQ153R072701","V-26_HY","VVT_F5","2026-08-17","1051.00000","1","2026-08-17 21:48:20"
"VVQQ153R072702","V-26_HY","VVT_F5","2026-08-17","1056.00000","1","2026-08-17 19:41:48"
"VVQQ153R072703","V-26_HY","VVT_F5","2026-08-17","1053.00000","1","2026-08-17 20:15:13"
"VVQQ153R072709","V-26_HY","VVT_F5","2026-08-17","1056.00000","1","2026-08-17 15:54:26"
"VVQQ163R072705","V-26_HY","VVT_F5","2026-08-17","1057.00000","1","2026-08-17 18:11:22"
"VVQQ163R072706","V-26_HY","VVT_F5","2026-08-17","1052.00000","1","2026-08-17 18:03:04"
"VVQQ163R072708","V-26_HY","VVT_F5","2026-08-17","1051.00000","1","2026-08-17 18:10:49"
"VVQP233R072701","V-26","VVT_F1","2026-08-18","1072.00000","1","2026-08-18 16:05:08"
"VVQQ143R072703","V-26","VVT_F1","2026-08-18","1064.00000","","2026-08-19 02:35:43"
"VVQQ153R060654","V-26","VVT_F1","2026-08-18","497.00000","1","2026-08-18 12:29:29"
"VVQQ153R060655","V-26","VVT_F1","2026-08-18","497.00000","1","2026-08-18 12:29:12"
"VVQQ153R060656","V-26","VVT_F1","2026-08-18","497.00000","1","2026-08-18 16:43:26"
"VVQQ153R060658","V-26","VVT_F1","2026-08-18","493.00000","1","2026-08-18 16:43:45"
"VVQQ153R060661","V-26","VVT_F1","2026-08-18","497.00000","1","2026-08-18 20:41:09"
"VVQQ153R060662","V-26","VVT_F1","2026-08-18","493.00000","1","2026-08-18 12:29:47"
"VVQQ153R060663","V-26","VVT_F1","2026-08-18","497.00000","1","2026-08-18 17:51:06"
"VVQQ153R060665","V-26","VVT_F1","2026-08-18","497.00000","1","2026-08-18 20:41:25"
"VVQQ153R060667","V-26","VVT_F1","2026-08-18","494.00000","1","2026-08-18 15:48:24"
"VVQQ153R060668","V-26","VVT_F1","2026-08-18","497.00000","1","2026-08-18 15:31:02"
"VVQQ153R06069N","V-26","VVT_F1","2026-08-18","497.00000","1","2026-08-18 15:31:17"
"VVQQ153R06069P","V-26","VVT_F1","2026-08-18","497.00000","1","2026-08-18 17:50:37"
"VVQQ153R06069W","V-26","VVT_F1","2026-08-18","497.00000","1","2026-08-18 11:16:08"
"VVQQ173R060623","V-26","VVT_F1","2026-08-18","497.00000","1","2026-08-18 19:17:48"
"VVQQ173R060624","V-26","VVT_F1","2026-08-18","495.00000","1","2026-08-18 15:48:54"
"VVQQ173R060625","V-26","VVT_F1","2026-08-18","497.00000","1","2026-08-18 16:44:10"
"VVQQ173R060626","V-26","VVT_F1","2026-08-18","497.00000","1","2026-08-19 01:05:21"
"VVQQ173R060627","V-26","VVT_F1","2026-08-18","492.00000","1","2026-08-18 17:51:56"
"VVQQ173R060628","V-26","VVT_F1","2026-08-18","500.00000","1","2026-08-19 03:33:55"
"VVQQ173R060629","V-26","VVT_F1","2026-08-18","500.00000","1","2026-08-18 20:02:39"
"VVQQ173R060630","V-26","VVT_F1","2026-08-18","500.00000","1","2026-08-18 23:39:50"
"VVQQ173R060631","V-26","VVT_F1","2026-08-18","500.00000","1","2026-08-18 23:39:39"
"VVQQ173R060632","V-26","VVT_F1","2026-08-18","500.00000","1","2026-08-18 23:40:05"
"VVQQ173R060633","V-26","VVT_F1","2026-08-18","500.00000","1","2026-08-18 23:40:22"
"VVQQ173R060634","V-26","VVT_F1","2026-08-18","500.00000","1","2026-08-18 19:18:02"
"VVQQ173R060635","V-26","VVT_F1","2026-08-18","500.00000","1","2026-08-19 03:34:29"
"VVQQ173R060636","V-26","VVT_F1","2026-08-18","499.00000","1","2026-08-19 03:33:30"
"VVQQ173R060637","V-26","VVT_F1","2026-08-18","499.00000","1","2026-08-19 01:05:32"
"VVQQ173R060638","V-26","VVT_F1","2026-08-18","500.00000","1","2026-08-18 20:40:42"
"VVQQ173R060640","V-26","VVT_F1","2026-08-18","497.00000","1","2026-08-19 03:33:43"
"VVQQ173R060641","V-26","VVT_F1","2026-08-18","500.00000","1","2026-08-18 20:03:24"
"VVQQ173R060642","V-26","VVT_F1","2026-08-18","500.00000","1","2026-08-19 03:34:17"
"VVQQ173R060643","V-26","VVT_F1","2026-08-18","500.00000","1","2026-08-19 03:33:06"
"VVQQ173R060645","V-26","VVT_F1","2026-08-18","500.00000","1","2026-08-18 20:03:03"
"VVQQ173R060646","V-26","VVT_F1","2026-08-18","500.00000","1","2026-08-19 08:53:27"
"VVQQ173R060647","V-26","VVT_F1","2026-08-18","500.00000","1","2026-08-18 23:40:32"
"VVQQ173R060648","V-26","VVT_F1","2026-08-18","500.00000","1","2026-08-19 01:05:46"
"VVQQ173R060651","V-26","VVT_F1","2026-08-18","497.00000","1","2026-08-19 07:05:35"
"VVQQ173R060652","V-26","VVT_F1","2026-08-18","497.00000","1","2026-08-19 12:10:00"
"VVQQ173R060654","V-26","VVT_F1","2026-08-18","497.00000","1","2026-08-19 13:36:55"
"VVQQ173R060655","V-26","VVT_F1","2026-08-18","497.00000","1","2026-08-19 03:33:16"
"VVQQ173R060658","V-26","VVT_F1","2026-08-18","497.00000","1","2026-08-19 12:09:44"
"VVQO153R072726","V-26_BG","VVT_F5","2026-08-18","1073.00000","1","2026-08-18 17:08:33"
"VVQO163R072742","V-26_BG","VVT_F5","2026-08-18","1065.00000","1","2026-08-18 18:15:21"
"VVQO173R072731","V-26_BG","VVT_F5","2026-08-18","1058.99989","1","2026-08-18 17:09:15"
"VVQO193R072712","V-26_BG","VVT_F5","2026-08-18","1066.00000","1","2026-08-18 10:35:01"
"VVQO193R072766","V-26_BG","VVT_F5","2026-08-18","1065.00000","1","2026-08-18 21:15:53"
"VVQO203R072713","V-26_BG","VVT_F5","2026-08-18","1066.00000","1","2026-08-18 15:46:59"
"VVQQ093R072712","V-26","VVT_F5","2026-08-18","1067.00000","1","2026-08-18 21:35:08"
"VVQQ103R072720","V-26","VVT_F5","2026-08-18","1066.00000","1","2026-08-18 20:58:52"
"VVQQ113R072704","V-26","VVT_F5","2026-08-18","1065.00000","1","2026-08-18 17:18:40"
"VVQQ113R072705","V-26","VVT_F5","2026-08-18","1067.00000","1","2026-08-18 21:08:40"
"VVQQ113R072710","V-26","VVT_F5","2026-08-18","1074.00000","1","2026-08-18 21:11:57"
"VVQQ113R072711","V-26","VVT_F5","2026-08-18","1067.00000","1","2026-08-18 20:58:33"
"VVQQ133R072706","V-26","VVT_F5","2026-08-18","1066.00000","1","2026-08-18 17:18:59"
"VVQQ133R072707","V-26","VVT_F5","2026-08-18","1065.00000","1","2026-08-18 20:58:10"
"VVQQ143R072714","V-26_HY","VVT_F5","2026-08-18","1051.00000","1","2026-08-18 21:27:35"
"VVQQ163R072709","V-26_HY","VVT_F5","2026-08-18","1048.00000","1","2026-08-18 18:43:59"
"VVQQ163R072731","V-26_HY","VVT_F5","2026-08-18","1056.00000","1","2026-08-18 21:49:59"
"VVQQ163R072732","V-26_HY","VVT_F5","2026-08-18","1055.00000","1","2026-08-18 14:34:10"
"VVQQ163R072733","V-26_HY","VVT_F5","2026-08-18","1059.00000","1","2026-08-18 14:23:57"
"VVQQ173R072711","V-26_HY","VVT_F5","2026-08-18","1051.00000","1","2026-08-18 12:21:34"
"VVQQ173R072712","V-26_HY","VVT_F5","2026-08-18","1050.00000","1","2026-08-18 16:57:09"
"VVQQ173R072715","V-26_HY","VVT_F5","2026-08-18","1054.00000","1","2026-08-18 13:35:00"
"VVQQ173R072718","V-26_HY","VVT_F5","2026-08-18","1057.00000","1","2026-08-18 17:28:30"
"VVQQ113R072702","V-26","VVT_F1","2026-08-19","1065.00000","","2026-08-19 19:09:01"
"VVQQ113R072709","V-26","VVT_F1","2026-08-19","1074.00000","","2026-08-19 19:09:18"
"VVQQ123R072701","V-26","VVT_F1","2026-08-19","1065.00000","","2026-08-19 19:10:08"
"VVQQ133R06069C","V-26","VVT_F1","2026-08-19","500.00000","1","2026-08-19 10:43:14"
"VVQQ153R060657","V-26","VVT_F1","2026-08-19","493.00000","1","2026-08-19 17:56:31"
"VVQQ153R060672","V-26","VVT_F1","2026-08-19","499.00000","1","2026-08-19 10:39:35"
"VVQQ153R060673","V-26","VVT_F1","2026-08-19","496.00000","1","2026-08-19 17:11:57"
"VVQQ153R060674","V-26","VVT_F1","2026-08-19","499.00000","1","2026-08-19 18:07:14"
"VVQQ153R060675","V-26","VVT_F1","2026-08-19","499.00000","1","2026-08-19 20:44:16"
"VVQQ153R060678","V-26","VVT_F1","2026-08-19","496.00000","1","2026-08-20 05:21:57"
"VVQQ153R06069A","V-26","VVT_F1","2026-08-19","500.00000","1","2026-08-19 19:25:33"
"VVQQ153R06069E","V-26","VVT_F1","2026-08-19","500.00000","1","2026-08-19 17:44:58"
"VVQQ153R06069L","V-26","VVT_F1","2026-08-19","500.00000","1","2026-08-19 15:57:14"
"VVQQ163R050706","V-26","VVT_F1","2026-08-19","1068.00000","","2026-08-20 01:41:48"
"VVQQ163R050707","V-26","VVT_F1","2026-08-19","1071.00000","","2026-08-20 01:41:21"
"VVQQ173R060639","V-26","VVT_F1","2026-08-19","500.00000","1","2026-08-19 17:53:34"
"VVQQ173R060644","V-26","VVT_F1","2026-08-19","500.00000","1","2026-08-19 15:56:39"
"VVQQ173R060649","V-26","VVT_F1","2026-08-19","500.00000","1","2026-08-19 17:37:49"
"VVQQ173R060650","V-26","VVT_F1","2026-08-19","497.00000","1","2026-08-19 17:53:21"
"VVQQ173R060653","V-26","VVT_F1","2026-08-19","497.00000","1","2026-08-20 01:47:27"
"VVQQ173R060656","V-26","VVT_F1","2026-08-19","497.00000","1","2026-08-19 10:34:59"
"VVQQ173R060657","V-26","VVT_F1","2026-08-19","497.00000","1","2026-08-19 20:44:28"
"VVQQ173R060659","V-26","VVT_F1","2026-08-19","497.00000","1","2026-08-19 17:45:13"
"VVQQ173R060660","V-26","VVT_F1","2026-08-19","500.00000","1","2026-08-19 13:54:17"
"VVQQ173R060662","V-26","VVT_F1","2026-08-19","500.00000","1","2026-08-19 15:15:46"
"VVQQ183R060602","V-26","VVT_F1","2026-08-19","500.00000","1","2026-08-19 15:57:42"
"VVQQ183R060604","V-26","VVT_F1","2026-08-19","500.00000","1","2026-08-19 15:15:59"
"VVQQ183R060605","V-26","VVT_F1","2026-08-19","500.00000","1","2026-08-19 19:26:16"
"VVQQ183R060606","V-26","VVT_F1","2026-08-19","500.00000","1","2026-08-19 17:12:19"
"VVQQ183R060607","V-26","VVT_F1","2026-08-19","500.00000","1","2026-08-19 19:25:58"
"VVQQ183R060608","V-26","VVT_F1","2026-08-19","497.00000","1","2026-08-19 19:55:03"
"VVQQ183R060609","V-26","VVT_F1","2026-08-19","497.00000","1","2026-08-20 02:55:49"
"VVQQ183R060610","V-26","VVT_F1","2026-08-19","500.00000","1","2026-08-19 17:44:43"
"VVQQ183R060611","V-26","VVT_F1","2026-08-19","500.00000","1","2026-08-19 19:55:18"
"VVQQ183R060613","V-26","VVT_F1","2026-08-19","497.00000","1","2026-08-20 15:39:17"
"VVQQ183R060614","V-26","VVT_F1","2026-08-19","500.00000","1","2026-08-19 23:50:22"
"VVQQ183R060615","V-26","VVT_F1","2026-08-19","500.00000","1","2026-08-19 23:44:54"
"VVQQ183R060616","V-26","VVT_F1","2026-08-19","500.00000","1","2026-08-19 23:45:23"
"VVQQ183R060617","V-26","VVT_F1","2026-08-19","500.00000","1","2026-08-20 02:56:11"
"VVQQ183R060618","V-26","VVT_F1","2026-08-19","493.00000","1","2026-08-20 02:55:26"
"VVQQ183R060619","V-26","VVT_F1","2026-08-19","497.00000","1","2026-08-19 23:45:08"
"VVQQ183R060620","V-26","VVT_F1","2026-08-19","497.00000","1","2026-08-20 02:55:59"
"VVQQ183R060621","V-26","VVT_F1","2026-08-19","495.00000","1","2026-08-19 23:44:39"
"VVQQ183R060622","V-26","VVT_F1","2026-08-19","495.00000","1","2026-08-20 04:30:32"
"VVQQ183R060624","V-26","VVT_F1","2026-08-19","498.00000","1","2026-08-20 02:55:38"
"VVQQ183R060626","V-26","VVT_F1","2026-08-19","497.00000","1","2026-08-20 04:30:41"
"VVQQ183R060627","V-26","VVT_F1","2026-08-19","497.00000","1","2026-08-20 18:39:29"
"VVQQ183R060628","V-26","VVT_F1","2026-08-19","497.00000","1","2026-08-20 04:30:51"
"VVQO193R072703","V-26_BG","VVT_F2","2026-08-19","1061.00000","1","2026-08-19 11:47:46"
"VVQO193R072760","V-26_BG","VVT_F2","2026-08-19","1049.00000","1","2026-08-19 12:27:59"
"VVQO183R072711","V-26_BG","VVT_F5","2026-08-19","1067.00000","1","2026-08-19 18:14:49"
"VVQP183R072706","V-26","VVT_F5","2026-08-19","1063.00000","1","2026-08-19 11:26:16"
"VVQP263R072709","V-26","VVT_F5","2026-08-19","1073.00000","1","2026-08-19 11:24:59"
"VVQP263R072710","V-26","VVT_F5","2026-08-19","1073.00000","1","2026-08-19 11:25:18"
"VVQP283R072702","V-26","VVT_F5","2026-08-19","1064.00000","1","2026-08-19 11:25:35"
"VVQQ103R072707","V-26","VVT_F5","2026-08-19","1066.00000","1","2026-08-19 21:09:44"
"VVQQ103R072721","V-26","VVT_F5","2026-08-19","1069.00000","1","2026-08-19 19:09:34"
"VVQQ143R072721","V-26_HY","VVT_F5","2026-08-19","1052.00000","1","2026-08-19 13:44:41"
"VVQQ153R072734","V-26_HY","VVT_F5","2026-08-19","1057.00000","1","2026-08-19 17:05:34"
"VVQQ163R072702","V-26_HY","VVT_F5","2026-08-19","1040.00000","1","2026-08-19 17:10:47"
"VVQQ163R072734","V-26_HY","VVT_F5","2026-08-19","1066.00000","1","2026-08-19 14:12:23"
"VVQQ163R072735","V-26_HY","VVT_F5","2026-08-19","1059.00000","1","2026-08-19 14:08:22"
"VVQQ163R072736","V-26_HY","VVT_F5","2026-08-19","1062.00000","1","2026-08-19 14:04:19"
"VVQQ163R072737","V-26_HY","VVT_F5","2026-08-19","1060.00000","1","2026-08-19 13:59:58"
"VVQQ173R072709","V-26_HY","VVT_F5","2026-08-19","1059.00000","1","2026-08-19 13:55:53"
"VVQQ173R072710","V-26_HY","VVT_F5","2026-08-19","1057.00000","1","2026-08-19 13:49:28"
"VVQQ173R072713","V-26_HY","VVT_F5","2026-08-19","1050.00000","1","2026-08-19 13:08:00"
"VVQQ173R072714","V-26_HY","VVT_F5","2026-08-19","1047.00000","1","2026-08-19 12:44:24"
"VVQQ173R072719","V-26_HY","VVT_F5","2026-08-19","1056.00000","1","2026-08-19 16:19:09"
"VVQQ173R072726","V-26_HY","VVT_F5","2026-08-19","1054.00000","1","2026-08-19 15:45:08"
"VVQQ183R072715","V-26_HY","VVT_F5","2026-08-19","1051.00000","1","2026-08-19 17:08:43"
"VVQQ183R072718","V-26_HY","VVT_F5","2026-08-19","1071.00000","1","2026-08-19 18:26:05"
"VVQQ183R072719","V-26_HY","VVT_F5","2026-08-19","1059.00000","1","2026-08-19 21:26:03"
"VVQQ183R072720","V-26_HY","VVT_F5","2026-08-19","1055.00000","1","2026-08-19 10:29:02"
"VVQQ183R072724","V-26_HY","VVT_F5","2026-08-19","1054.00000","1","2026-08-19 14:29:20"
"VVQP313R072704","V-26","VVT_F1","2026-08-20","1073.00000","1","2026-08-21 02:15:58"
"VVQQ103R072706","V-26","VVT_F1","2026-08-20","1067.00000","","2026-08-20 19:26:57"
"VVQQ113R072703","V-26","VVT_F1","2026-08-20","1065.00000","","2026-08-20 19:26:34"
"VVQQ122R710601","V-26","VVT_F1","2026-08-20","1981.00000","","2026-08-21 07:26:42"
"VVQQ122R710602","V-26","VVT_F1","2026-08-20","1979.00000","","2026-08-21 07:26:17"
"VVQQ123R072705","V-26","VVT_F1","2026-08-20","1066.00000","","2026-08-20 23:21:15"
"VVQQ123R072712","V-26","VVT_F1","2026-08-20","1069.00000","","2026-08-20 23:21:57"
"VVQQ133R072705","V-26","VVT_F1","2026-08-20","1067.00000","","2026-08-20 19:27:54"
"VVQQ143R050701","V-26","VVT_F1","2026-08-20","1068.00000","","2026-08-20 17:04:45"
"VVQQ143R050703","V-26","VVT_F1","2026-08-20","1067.00000","","2026-08-20 14:56:43"
"VVQQ153R060676","V-26","VVT_F1","2026-08-20","465.99999","1","2026-08-20 13:50:49"
"VVQQ153R060693","V-26","VVT_F1","2026-08-20","500.00000","1","2026-08-20 16:28:41"
"VVQQ163R050702","V-26","VVT_F1","2026-08-20","1067.00000","","2026-08-21 03:32:14"
"VVQQ163R050703","V-26","VVT_F1","2026-08-20","1067.00000","","2026-08-21 01:45:04"
"VVQQ163R050704","V-26","VVT_F1","2026-08-20","1071.00000","","2026-08-20 18:58:19"
"VVQQ173R050704","V-26","VVT_F1","2026-08-20","1070.00000","","2026-08-20 08:53:22"
"VVQQ173R060661","V-26","VVT_F1","2026-08-20","500.00000","1","2026-08-20 19:30:39"
"VVQQ183R060603","V-26","VVT_F1","2026-08-20","500.00000","1","2026-08-20 18:44:35"
"VVQQ183R060612","V-26","VVT_F1","2026-08-20","500.00000","1","2026-08-21 12:04:26"
"VVQQ183R060623","V-26","VVT_F1","2026-08-20","497.00000","1","2026-08-20 18:44:19"
"VVQQ183R060625","V-26","VVT_F1","2026-08-20","497.00000","1","2026-08-20 10:49:21"
"VVQQ183R060629","V-26","VVT_F1","2026-08-20","495.00000","1","2026-08-20 14:46:45"
"VVQQ183R060630","V-26","VVT_F1","2026-08-20","497.00000","1","2026-08-20 11:35:11"
"VVQQ183R060631","V-26","VVT_F1","2026-08-20","500.00000","1","2026-08-20 13:38:37"
"VVQQ183R060632","V-26","VVT_F1","2026-08-20","497.00000","1","2026-08-20 13:58:26"
"VVQQ183R060633","V-26","VVT_F1","2026-08-20","497.00000","1","2026-08-20 16:35:12"
"VVQQ183R060635","V-26","VVT_F1","2026-08-20","493.00000","1","2026-08-20 18:19:23"
"VVQQ183R060636","V-26","VVT_F1","2026-08-20","497.00000","1","2026-08-20 10:45:45"
"VVQQ183R060637","V-26","VVT_F1","2026-08-20","497.00000","1","2026-08-20 11:35:26"
"VVQQ183R060638","V-26","VVT_F1","2026-08-20","497.00000","1","2026-08-20 18:19:37"
"VVQQ183R060639","V-26","VVT_F1","2026-08-20","497.00000","1","2026-08-20 13:38:49"
"VVQQ183R060640","V-26","VVT_F1","2026-08-20","500.00000","1","2026-08-20 11:35:43"
"VVQQ183R060641","V-26","VVT_F1","2026-08-20","499.99998","1","2026-08-20 18:19:04"
"VVQQ183R060642","V-26","VVT_F1","2026-08-20","500.00000","1","2026-08-20 22:54:47"
"VVQQ183R060643","V-26","VVT_F1","2026-08-20","500.00000","1","2026-08-20 14:46:30"
"VVQQ183R060644","V-26","VVT_F1","2026-08-20","500.00000","1","2026-08-21 03:47:08"
"VVQQ183R060645","V-26","VVT_F1","2026-08-20","500.00000","1","2026-08-20 10:43:27"
"VVQQ183R060646","V-26","VVT_F1","2026-08-20","500.00000","1","2026-08-20 14:46:04"
"VVQQ183R060647","V-26","VVT_F1","2026-08-20","500.00000","1","2026-08-21 04:20:36"
"VVQQ183R060648","V-26","VVT_F1","2026-08-20","500.00000","1","2026-08-21 04:59:13"
"VVQQ183R060649","V-26","VVT_F1","2026-08-20","500.00000","1","2026-08-21 04:20:59"
"VVQQ183R060650","V-26","VVT_F1","2026-08-20","500.00000","1","2026-08-20 19:19:29"
"VVQQ183R060651","V-26","VVT_F1","2026-08-20","500.00000","1","2026-08-20 19:19:57"
"VVQQ183R060652","V-26","VVT_F1","2026-08-20","500.00000","1","2026-08-20 20:43:20"
"VVQQ183R060653","V-26","VVT_F1","2026-08-20","500.00000","1","2026-08-20 19:20:54"
"VVQQ183R060654","V-26","VVT_F1","2026-08-20","500.00000","1","2026-08-20 19:19:12"
"VVQQ183R060655","V-26","VVT_F1","2026-08-20","500.00000","1","2026-08-21 00:19:37"
"VVQQ183R060656","V-26","VVT_F1","2026-08-20","500.00000","1","2026-08-20 22:55:01"
"VVQQ183R060657","V-26","VVT_F1","2026-08-20","500.00000","1","2026-08-21 01:17:59"
"VVQQ183R060658","V-26","VVT_F1","2026-08-20","500.00000","1","2026-08-21 04:20:49"
"VVQQ183R060659","V-26","VVT_F1","2026-08-20","500.00000","","2026-08-20 18:14:21"
"VVQQ183R060660","V-26","VVT_F1","2026-08-20","500.00000","1","2026-08-20 20:43:06"
"VVQQ183R060661","V-26","VVT_F1","2026-08-20","495.00000","","2026-08-20 17:38:17"
"VVQQ183R060662","V-26","VVT_F1","2026-08-20","492.00000","1","2026-08-21 00:20:23"
"VVQQ183R060663","V-26","VVT_F1","2026-08-20","497.00000","1","2026-08-21 00:19:11"
"VVQQ183R060664","V-26","VVT_F1","2026-08-20","497.00000","1","2026-08-21 13:55:23"
"VVQQ183R060665","V-26","VVT_F1","2026-08-20","495.00000","1","2026-08-21 01:17:41"
"VVQQ183R060666","V-26","VVT_F1","2026-08-20","497.00000","","2026-08-21 04:26:24"
"VVQQ183R060667","V-26","VVT_F1","2026-08-20","497.00000","","2026-08-21 01:15:13"
"VVQQ183R060669","V-26","VVT_F1","2026-08-20","497.00000","","2026-08-21 01:15:58"
"VVQQ193R072703","V-26","VVT_F1","2026-08-20","1070.00000","","2026-08-20 21:29:28"
"VVQQ133R072733","V-26_HY","VVT_F5","2026-08-20","1058.00000","","2026-08-21 06:28:16"
"VVQQ163R072727","V-26_HY","VVT_F5","2026-08-20","1056.00000","","2026-08-20 10:50:06"
"VVQQ173R072720","V-26_HY","VVT_F5","2026-08-20","1058.00000","","2026-08-20 09:10:00"
"VVQQ193R072709","V-26_HY","VVT_F5","2026-08-20","1040.00000","","2026-08-20 21:28:48"
"VVQQ193R072712","V-26_HY","VVT_F5","2026-08-20","1050.00000","","2026-08-20 14:54:36"
"VVQQ193R072713","V-26_HY","VVT_F5","2026-08-20","1044.00000","","2026-08-20 22:52:16"
"VVQQ193R072714","V-26_HY","VVT_F5","2026-08-20","1047.00000","","2026-08-20 19:49:20"
"VVQQ193R072716","V-26_HY","VVT_F5","2026-08-20","1051.00000","","2026-08-20 14:27:41"
"VVQQ193R072717","V-26_HY","VVT_F5","2026-08-20","1052.00000","","2026-08-20 18:21:34"
"VVQQ193R072718","V-26_HY","VVT_F5","2026-08-20","1050.00000","","2026-08-20 17:08:41"
"VVQQ193R072719","V-26_HY","VVT_F5","2026-08-20","1052.00000","","2026-08-21 06:26:23"
"VVQQ193R072720","V-26_HY","VVT_F5","2026-08-20","1058.00000","","2026-08-21 04:35:14"
"VVQQ193R072725","V-26_HY","VVT_F5","2026-08-20","1054.00000","","2026-08-21 07:58:28"
"VVQQ193R072729","V-26_HY","VVT_F5","2026-08-20","1053.00000","","2026-08-21 04:32:18"
"VVQQ203R072701","V-26_HY","VVT_F5","2026-08-20","1050.00000","","2026-08-21 01:04:48"
"VVQQ203R072704","V-26_HY","VVT_F5","2026-08-20","1059.00000","","2026-08-21 04:35:48"
"VVQQ122R710603","V-26","VVT_F1","2026-08-21","1977.00000","","2026-08-21 10:42:58"
"VVQQ122R710604","V-26","VVT_F1","2026-08-21","1985.00000","","2026-08-21 11:25:26"
"VVQQ153R060691","V-26","VVT_F1","2026-08-21","500.00000","1","2026-08-21 14:19:48"
"VVQQ153R060694","V-26","VVT_F1","2026-08-21","500.00000","1","2026-08-21 13:50:46"
"VVQQ153R060695","V-26","VVT_F1","2026-08-21","500.00000","1","2026-08-21 12:05:01"
"VVQQ153R060696","V-26","VVT_F1","2026-08-21","500.00000","1","2026-08-21 13:50:34"
"VVQQ163R050701","V-26","VVT_F1","2026-08-21","1070.00000","","2026-08-21 11:27:17"
"VVQQ183R060601","V-26","VVT_F1","2026-08-21","500.00000","1","2026-08-21 12:04:42"
"VVQQ183R060634","V-26","VVT_F1","2026-08-21","497.00000","1","2026-08-21 13:51:30"
"VVQQ183R060668","V-26","VVT_F1","2026-08-21","497.00000","1","2026-08-21 14:16:45"
"VVQQ183R060671","V-26","VVT_F1","2026-08-21","497.00000","","2026-08-21 14:12:40"
"VVQQ183R060675","V-26","VVT_F1","2026-08-21","497.00000","1","2026-08-21 14:04:19"
"VVQQ183R060676","V-26","VVT_F1","2026-08-21","497.00000","","2026-08-21 11:38:48"
"VVQQ183R060678","V-26","VVT_F1","2026-08-21","492.00000","","2026-08-21 13:50:04"
"VVQQ183R060679","V-26","VVT_F1","2026-08-21","497.00000","1","2026-08-21 13:51:44"
"VVQQ183R060680","V-26","VVT_F1","2026-08-21","497.00000","1","2026-08-21 13:51:04"
"VVQQ183R060683","V-26","VVT_F1","2026-08-21","497.00000","","2026-08-21 13:50:27"
"VVQQ183R060686","V-26","VVT_F1","2026-08-21","500.00000","","2026-08-21 11:38:38"
"VVQQ183R060687","V-26","VVT_F1","2026-08-21","500.00000","","2026-08-21 12:24:26"
"VVQQ183R060688","V-26","VVT_F1","2026-08-21","500.00000","","2026-08-21 11:38:57"
"VVQQ183R060689","V-26","VVT_F1","2026-08-21","500.00000","","2026-08-21 11:39:43"
"VVQQ183R060690","V-26","VVT_F1","2026-08-21","500.00000","","2026-08-21 14:23:23"
"VVQQ183R060693","V-26","VVT_F1","2026-08-21","500.00000","","2026-08-21 14:22:04"
"VVQQ212R710615","V-26","VVT_F1","2026-08-21","1984.00000","","2026-08-21 12:43:59"
"VVQQ212R710616","V-26","VVT_F1","2026-08-21","1981.00000","","2026-08-21 13:07:44"
"VVQQ193R072723","V-26_HY","VVT_F5","2026-08-21","1057.00000","","2026-08-21 10:44:09"
"VVQQ193R072727","V-26_HY","VVT_F5","2026-08-21","1056.00000","","2026-08-21 09:06:08"
"VVQQ203R072707","V-26_HY","VVT_F5","2026-08-21","1065.00000","","2026-08-21 10:35:09"
